OccurrencePrecinctCode,CollisionID,CollisionKey,Collision_ at_Intersection,IntersectionAddress,IntersectingStreet,CrossStreet,CollisionVehicleCount,CollisionInjuredCount,CollisionKilledCount,Vehicles_or_MotoristsInvolved,PersonsInjured,PersonsKilled,MotoristsInjured,MotoristsKilled,PassengInjured,PassengKilled,CyclistsInjured,CyclistsKilled,PedestrInjured,PedestrKilled,Injury_or_Fatal,Bicycle
001,2022001000578,248530106,1,ANN ST&&BROADWAY,BROADWAY,ANN ST,2,0,0,2,0,0,0,0,0,0,0,0,0,0,0,0
001,2022001000607,248797605,1,ANN ST&&WILLIAM ST,WILLIAM ST,ANN ST,2,0,0,2,0,0,0,0,0,0,0,0,0,0,0,0
001,2022001000586,248509449,1,AVENUE OF THE AMERICAS&&CANAL ST,CANAL ST,AVENUE OF THE AMERICAS,1,0,0,1,0,0,0,0,0,0,0,0,0,0,0,0
001,2022001000603,248797602,1,AVENUE OF THE AMERICAS&&GRAND ST,AVENUE OF THE AMERICAS,GRAND ST,2,0,0,2,0,0,0,0,0,0,0,0,0,0,0,0
001,2022001000613,248894434,1,AVENUE OF THE AMERICAS&&WATTS ST,AVENUE OF THE AMERICAS,WATTS ST,2,0,0,2,0,0,0,0,0,0,0,0,0,0,0,0
001,2022001000535,247545991,1,BATTERY PL&&STATE ST,BATTERY PL,STATE ST,2,0,0,2,0,0,0,0,0,0,0,0,0,0,0,0
001,2022001000608,248797606,1,BEAVER ST&&BROAD ST,BROAD ST,BEAVER ST,1,0,0,1,0,0,0,0,0,0,0,0,0,0,0,0
001,2022001000558,248207833,1,BROADWAY&&BROOME ST,BROADWAY,BROOME ST,2,1,0,2,1,0,0,0,0,0,1,0,0,0,1,1
001,2022001000548,248062423,1,BROADWAY&&CANAL ST,CANAL ST,BROADWAY,2,0,0,2,0,0,0,0,0,0,0,0,0,0,0,0
001,2022001000564,248100884,2,BROADWAY&&CANAL ST,CANAL ST,BROADWAY,2,0,0,2,0,0,0,0,0,0,0,0,0,0,0,0
001,2022001000539,247783976,1,BROADWAY&&DUANE ST,BROADWAY,DUANE ST,2,0,0,2,0,0,0,0,0,0,0,0,0,0,0,0
001,2022001000587,248509450,2,BROADWAY&&DUANE ST,BROADWAY,DUANE ST,2,0,0,2,0,0,0,0,0,0,0,0,0,0,0,1
001,2022001000592,248559122,1,BROADWAY&&FULTON ST,BROADWAY,FULTON ST,2,1,0,2,1,0,0,0,0,0,1,0,0,0,1,1
001,2022001000565,248100885,1,BROADWAY&&PARK ROW,BROADWAY,PARK ROW,2,0,0,2,0,0,0,0,0,0,0,0,0,0,0,0
001,2022001000543,248100881,1,BROADWAY&&W HOUSTON ST,W HOUSTON ST,BROADWAY,1,0,0,1,0,0,0,0,0,0,0,0,0,0,0,0
001,2022001000584,248817733,2,BROADWAY&&W HOUSTON ST,W HOUSTON ST,BROADWAY,2,0,0,2,0,0,0,0,0,0,0,0,0,0,0,0
001,2022001000563,248207834,1,BROOME ST&&WOOSTER ST,BROOME ST,WOOSTER ST,2,0,0,2,0,0,0,0,0,0,0,0,0,0,0,0
001,2022001000604,248797603,2,BROOME ST&&WOOSTER ST,WOOSTER ST,BROOME ST,2,0,0,2,0,0,0,0,0,0,0,0,0,0,0,0
001,2022001000585,248559118,1,CANAL ST&&HUDSON ST,CANAL ST,HUDSON ST,2,0,0,2,0,0,0,0,0,0,0,0,0,0,0,0
001,2022001000562,248100883,1,CANAL ST&&LAIGHT ST,CANAL ST,LAIGHT ST,2,0,0,2,0,0,0,0,0,0,0,0,0,0,0,0
001,2022001000588,248559119,1,CANAL ST&&VARICK ST,VARICK ST,CANAL ST,2,0,0,2,0,0,0,0,0,0,0,0,0,0,0,0
001,2022001000599,248819010,2,CANAL ST&&VARICK ST,CANAL ST,VARICK ST,2,0,0,2,0,0,0,0,0,0,0,0,0,0,0,0
001,2022001000554,248380926,1,CANAL ST&&W BROADWAY,CANAL ST,W BROADWAY,2,0,0,2,0,0,0,0,0,0,0,0,0,0,0,0
001,2022001000610,248817734,2,CANAL ST&&W BROADWAY,CANAL ST,W BROADWAY,2,0,0,2,0,0,0,0,0,0,0,0,0,0,0,0
001,2022001000612,249032711,3,CANAL ST&&W BROADWAY,W BROADWAY,CANAL ST,2,0,0,2,0,0,0,0,0,0,0,0,0,0,0,0
001,2022001000605,248737357,1,CANAL ST&&WEST ST,WEST ST,CANAL ST,2,0,0,2,0,0,0,0,0,0,0,0,0,0,0,0
001,2022001000571,248894433,2,CANAL ST&&WEST ST,WEST ST,CANAL ST,2,0,0,2,0,0,0,0,0,0,0,0,0,0,0,0
001,2022001000577,248559116,1,CARLISLE ST&&WASHINGTON ST,WASHINGTON ST,CARLISLE ST,2,0,0,2,0,0,0,0,0,0,0,0,0,0,0,0
001,2022001000572,248207837,1,CEDAR ST&&NASSAU ST,CEDAR ST,NASSAU ST,2,0,0,2,0,0,0,0,0,0,0,0,0,0,0,0
001,2022001000602,248742107,1,CEDAR ST&&WILLIAM ST,WILLIAM ST,CEDAR ST,2,0,0,2,0,0,0,0,0,0,0,0,0,0,0,0
001,2022001000544,247783977,1,CHAMBERS ST&&W BROADWAY,CHAMBERS ST,W BROADWAY,2,0,0,2,0,0,0,0,0,0,0,0,0,0,0,1
001,2022001000552,247908284,1,CHAMBERS ST&&WEST ST,WEST ST,CHAMBERS ST,2,1,0,2,1,0,0,0,1,0,0,0,0,0,1,0
001,2022001000582,248380928,2,CHAMBERS ST&&WEST ST,WEST ST,CHAMBERS ST,2,0,0,2,0,0,0,0,0,0,0,0,0,0,0,1
001,2022001000606,248797604,1,CHURCH ST&&READE ST,CHURCH ST,READE ST,2,0,0,2,0,0,0,0,0,0,0,0,0,0,0,0
001,2022001000532,247420846,1,CHURCH ST&&WORTH ST,CHURCH ST,WORTH ST,2,0,0,2,0,0,0,0,0,0,0,0,0,0,0,0
001,2022001000538,247668590,1,DOVER ST&&PEARL ST,PEARL ST,DOVER ST,1,1,0,1,1,0,0,0,0,0,0,0,1,0,1,1
001,2022001000614,248819011,1,DUTCH ST&&FULTON ST,FULTON ST,DUTCH ST,2,0,0,2,0,0,0,0,0,0,0,0,0,0,0,0
001,2022001000589,248559120,1,ERICSSON PL&&VARICK ST,VARICK ST,ERICSSON PL,2,0,0,2,0,0,0,0,0,0,0,0,0,0,0,0
001,2022001000531,247628272,1,FRONT ST&&WALL ST,FRONT ST,WALL ST,2,0,0,2,0,0,0,0,0,0,0,0,0,0,0,0
001,2022001000536,247730125,1,FULTON ST&&NASSAU ST,NASSAU ST,FULTON ST,1,1,0,1,1,0,0,0,0,0,0,0,1,0,1,0
001,2022001000567,248267642,2,FULTON ST&&NASSAU ST,NASSAU ST,FULTON ST,2,0,0,2,0,0,0,0,0,0,0,0,0,0,0,1
001,2022001000600,248797600,1,GOLD ST&&JOHN ST,JOHN ST,GOLD ST,2,1,0,2,1,0,0,0,1,0,0,0,0,0,1,0
001,2022001000583,248817732,1,GRAND ST&&THOMPSON ST,GRAND ST,THOMPSON ST,2,0,0,2,0,0,0,0,0,0,0,0,0,0,0,0
001,2022001000559,248062425,1,GREENWICH ST&&RECTOR ST,GREENWICH ST,RECTOR ST,1,0,0,1,0,0,0,0,0,0,0,0,0,0,0,0
001,2022001000618,248894437,1,HARRISON ST&&WEST ST,WEST ST,HARRISON ST,2,1,0,2,1,0,0,0,1,0,0,0,0,0,1,0
001,2022001000545,247783978,1,HUBERT ST&&WEST ST,WEST ST,HUBERT ST,3,0,0,3,0,0,0,0,0,0,0,0,0,0,0,0
001,2022001000616,248894436,1,HUDSON ST&&LAIGHT ST,HUDSON ST,LAIGHT ST,2,0,0,2,0,0,0,0,0,0,0,0,0,0,0,0
001,2022001000560,248073676,1,HUDSON ST&&SPRING ST,HUDSON ST,SPRING ST,2,0,0,2,0,0,0,0,0,0,0,0,0,0,0,0
001,2022001000593,248559123,1,JOSEPH P WARD ST&&WEST ST,WEST ST,JOSEPH P WARD ST,2,0,0,2,0,0,0,0,0,0,0,0,0,0,0,0
001,2022001000569,248207835,1,KING ST&&VARICK ST,VARICK ST,KING ST,2,0,0,2,0,0,0,0,0,0,0,0,0,0,0,1
001,2022001000541,247774193,1,LAIGHT ST&&WEST ST,WEST ST,LAIGHT ST,2,1,0,2,1,0,0,0,0,0,1,0,0,0,1,1
001,2022001000617,249075923,1,LIBERTY ST&&WEST ST,LIBERTY ST,WEST ST,1,1,0,1,1,0,0,0,1,0,0,0,0,0,1,0
001,2022001000551,247892654,1,MAIDEN LN&&WATER ST,WATER ST,MAIDEN LN,1,1,0,1,1,0,0,0,0,0,0,0,1,0,1,0
001,2022001000601,248797601,1,MORRIS ST&&WEST ST,WEST ST,MORRIS ST,2,0,0,2,0,0,0,0,0,0,0,0,0,0,0,0
001,2022001000540,247774192,1,PEARL ST&&PECK SLIP,PECK SLIP,PEARL ST,2,0,0,2,0,0,0,0,0,0,0,0,0,0,0,0
005,2022005000413,247535619,1,BAYARD STREET&&BOWERY,BAYARD STREET,BOWERY,2,2,0,2,2,0,1,0,1,0,0,0,0,0,1,0
005,2022005000455,248767055,1,BOWERY&&DELANCEY ST,BOWERY,DELANCEY ST,2,0,0,2,0,0,0,0,0,0,0,0,0,0,0,0
005,2022005000418,247740412,1,BOWERY&&HESTER ST,HESTER ST,BOWERY,2,0,0,2,0,0,0,0,0,0,0,0,0,0,0,0
005,2022005000423,247885068,1,BOWERY&&KENMARE ST,KENMARE ST,BOWERY,2,0,0,2,0,0,0,0,0,0,0,0,0,0,0,0
005,2022005000446,248509463,1,BROADWAY&&CANAL ST,BROADWAY,CANAL ST,2,1,0,2,1,0,1,0,0,0,0,0,0,0,1,0
005,2022005000435,248509454,1,BROADWAY&&PRINCE ST,PRINCE ST,BROADWAY,2,0,0,2,0,0,0,0,0,0,0,0,0,0,0,0
005,2022005000463,248767057,1,BROADWAY&&SPRING ST,BROADWAY,SPRING ST,2,0,0,2,0,0,0,0,0,0,0,0,0,0,0,0
005,2022005000452,248509465,1,BROOME ST&&CHRYSTIE ST,BROOME ST,CHRYSTIE ST,2,0,0,2,0,0,0,0,0,0,0,0,0,0,0,0
005,2022005000441,248509458,1,CANAL ST&&CENTRE ST,CANAL ST,CENTRE ST,2,0,0,2,0,0,0,0,0,0,0,0,0,0,0,1
005,2022005000471,249230028,1,CANAL ST&&FORSYTH ST,CANAL ST,FORSYTH ST,2,0,0,2,0,0,0,0,0,0,0,0,0,0,0,0
005,2022005000469,248864565,1,CANAL ST&&MULBERRY ST,CANAL ST,MULBERRY ST,2,0,0,2,0,0,0,0,0,0,0,0,0,0,0,0
005,2022005000437,248509456,1,CATHERINE SLIP&&SOUTH ST,SOUTH ST,CATHERINE SLIP,2,1,0,2,1,0,0,0,0,0,1,0,0,0,1,1
005,2022005000451,248509464,1,CATHERINE SLIP&&WATER ST,CATHERINE SLIP,WATER ST,1,2,0,1,2,0,0,0,1,0,0,0,1,0,1,0
005,2022005000470,248864566,1,CHRYSTIE ST&&E HOUSTON ST,CHRYSTIE ST,E HOUSTON ST,2,1,0,2,1,0,1,0,0,0,0,0,0,0,1,0
005,2022005000407,247689080,1,CLEVELAND PL&&KENMARE ST,KENMARE ST,CLEVELAND PL,2,0,0,2,0,0,0,0,0,0,0,0,0,0,0,0
005,2022005000450,248553494,1,DELANCEY ST&&ELDRIDGE ST,DELANCEY ST,ELDRIDGE ST,2,1,0,2,1,0,0,0,0,0,1,0,0,0,1,1
005,2022005000431,248674088,1,DELANCEY ST&&FORSYTH ST,DELANCEY ST,FORSYTH ST,2,0,0,2,0,0,0,0,0,0,0,0,0,0,0,0
005,2022005000462,248674091,1,E HOUSTON ST&&MOTT ST,E HOUSTON ST,MOTT ST,2,0,0,2,0,0,0,0,0,0,0,0,0,0,0,0
005,2022005000434,248509453,1,EX TO BROOKLYN BRDG&&FDR DR RAMP,FDR DR RAMP,EX TO BROOKLYN BRDG,2,0,0,2,0,0,0,0,0,0,0,0,0,0,0,0
005,2022005000448,248674089,2,EX TO BROOKLYN BRDG&&FDR DR RAMP,FDR DR RAMP,EX TO BROOKLYN BRDG,1,0,0,1,0,0,0,0,0,0,0,0,0,0,0,0
005,2022005000415,247609004,1,FORSYTH ST&&GRAND ST,GRAND ST,FORSYTH ST,2,1,0,2,1,0,0,0,0,0,1,0,0,0,1,1
005,2022005000440,248553493,1,FORSYTH ST&&STANTON ST,FORSYTH ST,STANTON ST,2,1,0,2,1,0,1,0,0,0,0,0,0,0,1,1
005,2022005000461,248980267,1,KENMARE ST&&LAFAYETTE ST,LAFAYETTE ST,KENMARE ST,1,1,0,1,1,0,0,0,1,0,0,0,0,0,1,0
005,2022005000414,247740411,1,KENMARE ST&&MULBERRY ST,KENMARE ST,MULBERRY ST,4,0,0,4,0,0,0,0,0,0,0,0,0,0,0,0
005,2022005000410,247526929,1,LAFAYETTE ST&&SPRING ST,LAFAYETTE ST,SPRING ST,2,1,0,2,1,0,0,0,0,0,1,0,0,0,1,1
005,2022005000447,248767054,1,MADISON ST&&ST JAMES PL,MADISON ST,ST JAMES PL,2,0,0,2,0,0,0,0,0,0,0,0,0,0,0,0
005,2022005000445,248509462,1,PIKE SLIP&&SOUTH ST,SOUTH ST,PIKE SLIP,2,2,0,2,2,0,1,0,1,0,0,0,0,0,1,0
006,2022006000274,248216329,1,5 AVE&&E 13 ST,5 AVE,E 13 ST,2,0,0,2,0,0,0,0,0,0,0,0,0,0,0,0
006,2022006000292,248682496,1,5 AVE&&WASHINGTON SQ N,5 AVE,WASHINGTON SQ N,1,0,0,1,0,0,0,0,0,0,0,0,0,0,0,0
006,2022006000268,247852913,1,7 AVE S&&BARROW ST,7 AVE S,BARROW ST,3,0,0,3,0,0,0,0,0,0,0,0,0,0,0,0
006,2022006000260,247852911,1,7 AVE&&W 12 ST,W 12 ST,7 AVE,2,1,0,2,1,0,0,0,0,0,1,0,0,0,1,1
006,2022006000266,247852912,2,7 AVE&&W 12 ST,W 12 ST,7 AVE,2,0,0,2,0,0,0,0,0,0,0,0,0,0,0,0
006,2022006000279,248605552,1,8 AVE&&W 13 ST,8 AVE,W 13 ST,2,0,0,2,0,0,0,0,0,0,0,0,0,0,0,0
006,2022006000285,249317223,1,ABINGDON SQUARE&&BLEECKER STREET,BLEECKER STREET,ABINGDON SQUARE,2,1,0,2,1,0,0,0,0,0,1,0,0,0,1,1
006,2022006000280,248464017,1,AVENUE OF THE AMERICAS&&W 10 ST,AVENUE OF THE AMERICAS,W 10 ST,1,1,0,1,1,0,0,0,0,0,0,0,1,0,1,0
006,2022006000261,248325814,1,AVENUE OF THE AMERICAS&&W 14 ST,AVENUE OF THE AMERICAS,W 14 ST,2,0,0,2,0,0,0,0,0,0,0,0,0,0,0,0
006,2022006000276,248213639,1,AVENUE OF THE AMERICAS&&W 9 ST,W 9 ST,AVENUE OF THE AMERICAS,1,0,0,1,0,0,0,0,0,0,0,0,0,0,0,0
006,2022006000295,248864568,1,BEDFORD ST&&CARMINE ST,BEDFORD ST,CARMINE ST,2,0,0,2,0,0,0,0,0,0,0,0,0,0,0,0
006,2022006000293,248682497,1,BLEECKER ST&&GROVE ST,GROVE ST,BLEECKER ST,2,0,0,2,0,0,0,0,0,0,0,0,0,0,0,0
006,2022006000278,248334274,1,BLEECKER ST&&HUDSON ST,HUDSON ST,BLEECKER ST,1,1,0,1,1,0,0,0,0,0,0,0,1,0,1,0
006,2022006000263,247605184,1,BROADWAY&&W HOUSTON ST,W HOUSTON ST,BROADWAY,2,1,0,2,1,0,0,0,0,0,1,0,0,0,1,1
006,2022006000270,247852915,1,BROADWAY&&WANAMAKER PL,WANAMAKER PL,BROADWAY,2,0,0,2,0,0,0,0,0,0,0,0,0,0,0,1
006,2022006000291,248494910,1,GREENWICH AVE&&PERRY ST,PERRY ST,GREENWICH AVE,2,1,0,2,1,0,0,0,0,0,1,0,0,0,1,1
006,2022006000273,248216328,1,GROVE ST&&W 4 ST,W 4 ST,GROVE ST,2,0,0,2,0,0,0,0,0,0,0,0,0,0,0,0
006,2022006000264,247669956,1,HORATIO ST&&WEST ST,WEST ST,HORATIO ST,2,0,0,2,0,0,0,0,0,0,0,0,0,0,0,0
006,2022006000277,248216331,1,HUDSON ST&&W 10 ST,HUDSON ST,W 10 ST,1,1,0,1,1,0,0,0,0,0,0,0,1,0,1,0
006,2022006000267,247669957,1,LA GUARDIA PL&&W HOUSTON ST,W HOUSTON ST,LA GUARDIA PL,2,0,0,2,0,0,0,0,0,0,0,0,0,0,0,1
006,2022006000269,247852914,2,LA GUARDIA PL&&W HOUSTON ST,LA GUARDIA PL,W HOUSTON ST,2,0,0,2,0,0,0,0,0,0,0,0,0,0,0,0
006,2022006000282,248464018,3,LA GUARDIA PL&&W HOUSTON ST,W HOUSTON ST,LA GUARDIA PL,2,0,0,2,0,0,0,0,0,0,0,0,0,0,0,0
006,2022006000288,248464022,1,LA GUARDIA PL&&WASHINGTON SQ S,LA GUARDIA PL,WASHINGTON SQ S,2,0,0,2,0,0,0,0,0,0,0,0,0,0,0,1
006,2022006000294,248682498,1,THOMPSON ST&&W 3 ST,THOMPSON ST,W 3 ST,2,0,0,2,0,0,0,0,0,0,0,0,0,0,0,0
006,2022006000271,248216327,1,VARICK ST&&W HOUSTON ST,VARICK ST,W HOUSTON ST,1,1,0,1,1,0,0,0,0,0,0,0,1,0,1,0
006,2022006000290,248492245,1,W 10 ST&&WEEHAWKEN ST,W 10 ST,WEEHAWKEN ST,1,0,0,1,0,0,0,0,0,0,0,0,0,0,0,0
006,2022006000284,248464019,1,W 11 ST&&WEST ST,WEST ST,W 11 ST,1,1,0,1,1,0,0,0,0,0,0,0,1,0,1,0
007,2022007000353,247542899,1,ABRAHAM KAZAN ST&&GRAND ST,GRAND ST,ABRAHAM KAZAN ST,2,1,0,2,1,0,0,0,0,0,1,0,0,0,1,1
007,2022007000378,248177934,1,ALLEN ST&&DELANCEY ST,ALLEN ST,DELANCEY ST,2,0,0,2,0,0,0,0,0,0,0,0,0,0,0,0
007,2022007000386,248177939,1,ALLEN ST&&E HOUSTON ST,ALLEN ST,E HOUSTON ST,2,1,0,2,1,0,0,0,1,0,0,0,0,0,1,0
007,2022007000365,247953178,1,ALLEN ST&&GRAND ST,ALLEN ST,GRAND ST,2,0,0,2,0,0,0,0,0,0,0,0,0,0,0,0
007,2022007000417,249176596,1,ALLEN ST&&STANTON ST,ALLEN ST,STANTON ST,2,0,0,2,0,0,0,0,0,0,0,0,0,0,0,0
007,2022007000398,248415701,1,BROOME ST&&ESSEX ST,ESSEX ST,BROOME ST,2,0,0,2,0,0,0,0,0,0,0,0,0,0,0,0
007,2022007000413,248864571,2,BROOME ST&&ESSEX ST,ESSEX ST,BROOME ST,1,1,0,1,1,0,0,0,0,0,0,0,1,0,1,0
007,2022007000415,248864573,1,CHERRY ST&&CLINTON ST,CLINTON ST,CHERRY ST,2,0,0,2,0,0,0,0,0,0,0,0,0,0,0,0
007,2022007000355,247682849,1,CHERRY ST&&JEFFERSON ST,CHERRY ST,JEFFERSON ST,2,0,0,2,0,0,0,0,0,0,0,0,0,0,0,0
007,2022007000389,248415698,1,CLINTON ST&&DELANCEY ST,DELANCEY ST,CLINTON ST,2,0,0,2,0,0,0,0,0,0,0,0,0,0,0,0
007,2022007000390,248415699,2,CLINTON ST&&DELANCEY ST,DELANCEY ST,CLINTON ST,2,0,0,2,0,0,0,0,0,0,0,0,0,0,0,0
007,2022007000405,248744290,3,CLINTON ST&&DELANCEY ST,DELANCEY ST,CLINTON ST,2,0,0,2,0,0,0,0,0,0,0,0,0,0,0,0
007,2022007000408,248752540,4,CLINTON ST&&DELANCEY ST,DELANCEY ST,CLINTON ST,1,1,0,1,1,0,0,0,0,0,0,0,1,0,1,0
007,2022007000372,247833171,1,CLINTON ST&&FRANKLIN D ROOSEVELT DR,FRANKLIN D ROOSEVELT DR,CLINTON ST,2,0,0,2,0,0,0,0,0,0,0,0,0,0,0,0
007,2022007000373,247833172,2,CLINTON ST&&FRANKLIN D ROOSEVELT DR,FRANKLIN D ROOSEVELT DR,CLINTON ST,2,0,0,2,0,0,0,0,0,0,0,0,0,0,0,0
007,2022007000368,247682854,1,CLINTON ST&&WILLIAMSBURG BRIDGE APPR,WILLIAMSBURG BRIDGE APPR,CLINTON ST,2,1,0,2,1,0,0,0,0,0,1,0,0,0,1,1
007,2022007000377,248050344,1,COLUMBIA ST&&DELANCEY ST,DELANCEY ST,COLUMBIA ST,2,1,0,2,1,0,0,0,1,0,0,0,0,0,1,0
007,2022007000400,248717740,1,COLUMBIA ST&&E HOUSTON ST,E HOUSTON ST,COLUMBIA ST,2,1,0,2,1,0,1,0,0,0,0,0,0,0,1,0
007,2022007000375,248280109,1,DELANCEY ST&&ESSEX ST,DELANCEY ST,ESSEX ST,1,2,0,1,2,0,0,0,1,0,0,0,1,0,1,0
007,2022007000416,248822627,2,DELANCEY ST&&ESSEX ST,DELANCEY ST,ESSEX ST,2,0,0,2,0,0,0,0,0,0,0,0,0,0,0,0
007,2022007000360,247544974,1,DELANCEY ST&&LUDLOW ST,DELANCEY ST,LUDLOW ST,2,0,0,2,0,0,0,0,0,0,0,0,0,0,0,0
007,2022007000383,248177937,2,DELANCEY ST&&LUDLOW ST,DELANCEY ST,LUDLOW ST,2,0,0,2,0,0,0,0,0,0,0,0,0,0,0,0
007,2022007000404,248626052,1,DELANCEY ST&&MANGIN ST,DELANCEY ST,MANGIN ST,2,0,0,2,0,0,0,0,0,0,0,0,0,0,0,0
007,2022007000369,247716821,1,DELANCEY ST&&RIDGE ST,RIDGE ST,DELANCEY ST,2,1,0,2,1,0,0,0,0,0,1,0,0,0,1,1
007,2022007000399,248744287,1,DELANCEY ST&&SUFFOLK ST,SUFFOLK ST,DELANCEY ST,2,0,0,2,0,0,0,0,0,0,0,0,0,0,0,0
007,2022007000364,247807797,1,E HOUSTON ST&&PITT ST,PITT ST,E HOUSTON ST,2,1,0,2,1,0,0,0,0,0,1,0,0,0,1,1
007,2022007000371,248177932,1,ESSEX ST&&GRAND ST,GRAND ST,ESSEX ST,2,0,0,2,0,0,0,0,0,0,0,0,0,0,0,0
007,2022007000381,248415954,2,ESSEX ST&&GRAND ST,ESSEX ST,GRAND ST,1,1,0,1,1,0,0,0,0,0,0,0,1,0,1,0
007,2022007000367,247682853,1,FRANKLIN D ROOSEVELT DR&&GOUVERNEUR SLIP E,FRANKLIN D ROOSEVELT DR,GOUVERNEUR SLIP E,1,1,0,1,1,0,1,0,0,0,0,0,0,0,1,0
007,2022007000361,247682851,1,GRAND ST&&PITT ST,GRAND ST,PITT ST,1,1,0,1,1,0,0,0,0,0,0,0,1,0,1,0
007,2022007000362,247682852,1,MADISON AND RUTGERS STREET&&MADISON STREET,MADISON STREET,MADISON AND RUTGERS STREET,1,0,0,1,0,0,0,0,0,0,0,0,0,0,0,0
007,2022007000407,248744292,1,MADISON ST&&MONTGOMERY ST,MADISON ST,MONTGOMERY ST,2,1,0,2,1,0,0,0,1,0,0,0,0,0,1,0
007,2022007000366,247718093,1,RIVINGTON ST&&SUFFOLK ST,RIVINGTON ST,SUFFOLK ST,2,0,0,2,0,0,0,0,0,0,0,0,0,0,0,0
009,2022009000321,248894444,1,1 AVE&&E 14 ST,E 14 ST,1 AVE,2,0,0,2,0,0,0,0,0,0,0,0,0,0,0,0
009,2022009000273,247478271,1,1 AVE&&E 3 ST,E 3 ST,1 AVE,3,2,0,3,2,0,1,0,1,0,0,0,0,0,1,0
009,2022009000305,248894442,1,1 AVE&&E HOUSTON ST,E HOUSTON ST,1 AVE,2,0,0,2,0,0,0,0,0,0,0,0,0,0,0,0
009,2022009000311,248815769,1,1 AVE&&ST MARKS PL,ST MARKS PL,1 AVE,2,1,0,2,1,0,0,0,0,0,1,0,0,0,1,1
009,2022009000327,248817741,1,2 AVE&&E 14 ST,E 14 ST,2 AVE,2,0,0,2,0,0,0,0,0,0,0,0,0,0,0,0
009,2022009000284,247883704,1,2 AVE&&E 3 ST,E 3 ST,2 AVE,2,0,0,2,0,0,0,0,0,0,0,0,0,0,0,0
009,2022009000303,248345263,1,2 AVE&&E 5 ST,2 AVE,E 5 ST,1,1,0,1,1,0,0,0,0,0,1,0,0,0,1,1
009,2022009000316,248486757,2,2 AVE&&E 5 ST,2 AVE,E 5 ST,2,0,0,2,0,0,0,0,0,0,0,0,0,0,0,0
009,2022009000301,248491308,1,2 AVE&&E 7 ST,2 AVE,E 7 ST,2,0,0,2,0,0,0,0,0,0,0,0,0,0,0,0
009,2022009000281,247883703,1,2 AVE&&E 9 ST,2 AVE,E 9 ST,1,1,0,1,1,0,0,0,0,0,0,0,1,0,1,0
009,2022009000278,247600547,1,3 AVE&&E 14 ST,E 14 ST,3 AVE,2,2,0,2,2,0,1,0,1,0,0,0,0,0,1,0
009,2022009000289,247883707,1,4 AVE&&E 12 ST,4 AVE,E 12 ST,2,2,0,2,2,0,0,0,1,0,1,0,0,0,1,1
009,2022009000329,248896452,1,4 AVE&&E 14 ST,E 14 ST,4 AVE,2,1,0,2,1,0,0,0,0,0,1,0,0,0,1,1
009,2022009000306,248491310,1,4 AVENUE&&ASTOR PLACE,4 AVENUE,ASTOR PLACE,2,1,0,2,1,0,0,0,0,0,1,0,0,0,1,1
009,2022009000292,248486750,1,4/10 MILE  E 6 ST&&FDR DR,FDR DR,4/10 MILE  E 6 ST,2,0,0,2,0,0,0,0,0,0,0,0,0,0,0,0
009,2022009000279,247883702,1,AVENUE A&&E 1 ST,AVENUE A,E 1 ST,2,1,0,2,1,0,0,0,0,0,1,0,0,0,1,1
009,2022009000287,247883706,1,AVENUE A&&E 14 ST,E 14 ST,AVENUE A,2,1,0,2,1,0,0,0,1,0,0,0,0,0,1,0
009,2022009000331,249024710,1,AVENUE A&&E 3 ST,E 3 ST,AVENUE A,1,0,0,1,0,0,0,0,0,0,0,0,0,0,0,0
009,2022009000286,248345261,1,AVENUE A&&E 5 ST,E 5 ST,AVENUE A,3,0,0,3,0,0,0,0,0,0,0,0,0,0,0,0
009,2022009000294,248486751,2,AVENUE A&&E 5 ST,E 5 ST,AVENUE A,2,2,0,2,2,0,1,0,1,0,0,0,0,0,1,0
009,2022009000324,248817738,1,AVENUE A&&E 7 ST,E 7 ST,AVENUE A,1,1,0,1,1,0,0,0,0,0,0,0,1,0,1,0
009,2022009000283,248486749,1,AVENUE A&&E 9 ST,AVENUE A,E 9 ST,2,1,0,2,1,0,0,0,0,0,1,0,0,0,1,1
009,2022009000291,248553495,1,AVENUE B&&E 12 ST,AVENUE B,E 12 ST,2,1,0,2,1,0,0,0,0,0,1,0,0,0,1,1
009,2022009000320,248605553,1,AVENUE B&&E 13 ST,AVENUE B,E 13 ST,2,1,0,2,1,0,0,0,0,0,1,0,0,0,1,1
009,2022009000277,247602200,1,AVENUE B&&E 3 ST,E 3 ST,AVENUE B,4,0,0,4,0,0,0,0,0,0,0,0,0,0,0,0
009,2022009000285,247883705,1,AVENUE B&&E 8 ST,E 8 ST,AVENUE B,1,0,0,1,0,0,0,0,0,0,0,0,0,0,0,0
009,2022009000314,248486756,1,AVENUE B&&E HOUSTON ST,E HOUSTON ST,AVENUE B,1,1,0,1,1,0,0,0,0,0,0,0,1,0,1,0
009,2022009000274,247544978,1,AVENUE C&&E 10 ST,E 10 ST,AVENUE C,2,1,0,2,1,0,1,0,0,0,0,0,0,0,1,0
009,2022009000275,247740414,1,AVENUE C&&E 9 ST,AVENUE C,E 9 ST,1,1,0,1,1,0,0,0,0,0,0,0,1,0,1,0
009,2022009000309,248491312,1,AVENUE C&&E HOUSTON ST,E HOUSTON ST,AVENUE C,2,0,0,2,0,0,0,0,0,0,0,0,0,0,0,0
009,2022009000272,247485270,1,AVENUE D&&E 4 ST,AVENUE D,E 4 ST,1,1,0,1,1,0,0,0,0,0,0,0,1,0,1,0
009,2022009000300,248177941,1,BOWERY&&E HOUSTON ST,BOWERY,E HOUSTON ST,2,0,0,2,0,0,0,0,0,0,0,0,0,0,0,0
009,2022009000323,248817737,1,BROADWAY&&E 12 ST,BROADWAY,E 12 ST,3,0,0,3,0,0,0,0,0,0,0,0,0,0,0,0
009,2022009000308,248491311,1,BROADWAY&&E 8 ST,E 8 ST,BROADWAY,2,0,0,2,0,0,0,0,0,0,0,0,0,0,0,0
009,2022009000302,248491309,1,BROADWAY&&E HOUSTON ST,BROADWAY,E HOUSTON ST,1,0,0,1,0,0,0,0,0,0,0,0,0,0,0,0
009,2022009000322,248817736,1,CROSBY ST&&E HOUSTON ST,E HOUSTON ST,CROSBY ST,2,1,0,2,1,0,1,0,0,0,0,0,0,0,1,0
009,2022009000295,248486752,1,E HOUSTON ST&&LAFAYETTE ST,E HOUSTON ST,LAFAYETTE ST,1,1,0,1,1,0,1,0,0,0,0,0,0,0,1,0
009,2022009000299,248345262,1,E HOUSTON ST&&LILLIAN WALD DR,E HOUSTON ST,LILLIAN WALD DR,3,0,0,3,0,0,0,0,0,0,0,0,0,0,0,0
009,2022009000293,248025635,1,EAST HOUSTON STREET&&FORSYTH STREET (009TH PRECINCT),EAST HOUSTON STREET,FORSYTH STREET (009TH PRECINCT),1,0,1,1,0,1,0,0,0,0,0,0,0,1,1,0
010,2022010000370,247554342,1,10 AVE&&W 15 ST,W 15 ST,10 AVE,3,0,0,3,0,0,0,0,0,0,0,0,0,0,0,0
010,2022010000420,248819013,1,10 AVE&&W 16 ST,W 16 ST,10 AVE,2,0,0,2,0,0,0,0,0,0,0,0,0,0,0,0
010,2022010000391,248509470,1,10 AVE&&W 26 ST,10 AVE,W 26 ST,2,0,0,2,0,0,0,0,0,0,0,0,0,0,0,0
010,2022010000402,248509474,1,10 AVE&&W 29 ST,10 AVE,W 29 ST,2,0,0,2,0,0,0,0,0,0,0,0,0,0,0,0
010,2022010000374,248276961,1,10 AVE&&W 30 ST,W 30 ST,10 AVE,2,0,0,2,0,0,0,0,0,0,0,0,0,0,0,0
010,2022010000411,248682499,2,10 AVE&&W 30 ST,10 AVE,W 30 ST,2,0,0,2,0,0,0,0,0,0,0,0,0,0,0,0
010,2022010000377,248161890,1,10 AVE&&W 34 ST,W 34 ST,10 AVE,2,0,0,2,0,0,0,0,0,0,0,0,0,0,0,0
010,2022010000418,248682501,1,10 AVE&&W 36 ST,W 36 ST,10 AVE,2,0,0,2,0,0,0,0,0,0,0,0,0,0,0,0
010,2022010000376,247889711,1,10 AVE&&W 37 ST,W 37 ST,10 AVE,2,1,0,2,1,0,0,0,0,0,1,0,0,0,1,1
010,2022010000396,248276964,1,10 AVE&&W 39 ST,W 39 ST,10 AVE,2,0,0,2,0,0,0,0,0,0,0,0,0,0,0,0
010,2022010000398,248509471,1,10 AVE&&W 42 ST,W 42 ST,10 AVE,2,0,0,2,0,0,0,0,0,0,0,0,0,0,0,0
010,2022010000416,248682500,1,11 AVE&&W 16 ST,W 16 ST,11 AVE,2,0,0,2,0,0,0,0,0,0,0,0,0,0,0,0
010,2022010000412,248493855,1,11 AVE&&W 21 ST,11 AVE,W 21 ST,3,1,0,3,1,0,1,0,0,0,0,0,0,0,1,0
010,2022010000375,247889710,1,11 AVE&&W 25 ST,W 25 ST,11 AVE,2,2,0,2,2,0,1,0,1,0,0,0,0,0,1,0
010,2022010000422,248819014,1,11 AVE&&W 33 ST,W 33 ST,11 AVE,1,0,0,1,0,0,0,0,0,0,0,0,0,0,0,0
010,2022010000369,247554341,1,11 AVE&&W 34 ST,W 34 ST,11 AVE,1,0,0,1,0,0,0,0,0,0,0,0,0,0,0,0
010,2022010000393,248160062,1,11 AVE&&W 37 ST,11 AVE,W 37 ST,2,0,0,2,0,0,0,0,0,0,0,0,0,0,0,1
010,2022010000371,248161888,1,11 AVE&&W 38 ST,W 38 ST,11 AVE,2,0,0,2,0,0,0,0,0,0,0,0,0,0,0,0
010,2022010000373,247885071,1,11 AVE&&W 39 ST,W 39 ST,11 AVE,2,2,0,2,2,0,2,0,0,0,0,0,0,0,1,0
010,2022010000399,248509472,2,11 AVE&&W 39 ST,11 AVE,W 39 ST,2,0,0,2,0,0,0,0,0,0,0,0,0,0,0,0
010,2022010000423,248819015,1,11 AVE&&W 41 ST,11 AVE,W 41 ST,2,0,0,2,0,0,0,0,0,0,0,0,0,0,0,0
010,2022010000424,248819016,2,11 AVE&&W 41 ST,W 41 ST,11 AVE,1,1,0,1,1,0,0,0,0,0,0,0,1,0,1,0
010,2022010000394,248146870,1,11 AVE&&W 42 ST,W 42 ST,11 AVE,2,0,0,2,0,0,0,0,0,0,0,0,0,0,0,0
010,2022010000410,248679315,2,11 AVE&&W 42 ST,W 42 ST,11 AVE,2,0,0,2,0,0,0,0,0,0,0,0,0,0,0,0
010,2022010000429,248819020,1,11 AVE&&W 43 ST,W 43 ST,11 AVE,1,0,0,1,0,0,0,0,0,0,0,0,0,0,0,0
010,2022010000404,248676908,1,12 AVE&&W 34 ST,12 AVE,W 34 ST,2,0,0,2,0,0,0,0,0,0,0,0,0,0,0,0
010,2022010000409,248679314,2,12 AVE&&W 34 ST,W 34 ST,12 AVE,2,0,0,2,0,0,0,0,0,0,0,0,0,0,0,0
010,2022010000419,248530109,1,12 AVE&&W 42 ST,W 42 ST,12 AVE,2,0,0,2,0,0,0,0,0,0,0,0,0,0,0,0
010,2022010000407,248819012,2,12 AVE&&W 42 ST,W 42 ST,12 AVE,2,0,0,2,0,0,0,0,0,0,0,0,0,0,0,0
010,2022010000417,248517644,1,12 AVENUE&&WEST 22 STREET,12 AVENUE,WEST 22 STREET,2,0,0,2,0,0,0,0,0,0,0,0,0,0,0,0
010,2022010000390,248509469,1,7 AVE&&W 23 ST,W 23 ST,7 AVE,2,0,0,2,0,0,0,0,0,0,0,0,0,0,0,0
010,2022010000379,247889712,1,8 AVE&&W 19 ST,8 AVE,W 19 ST,2,1,0,2,1,0,0,0,0,0,1,0,0,0,1,1
010,2022010000397,248276965,2,8 AVE&&W 19 ST,W 19 ST,8 AVE,2,0,0,2,0,0,0,0,0,0,0,0,0,0,0,1
010,2022010000389,248276962,1,8 AVE&&W 25 ST,W 25 ST,8 AVE,1,0,0,1,0,0,0,0,0,0,0,0,0,0,0,0
010,2022010000414,248530108,1,9 AVE&&W 16 ST,W 16 ST,9 AVE,2,0,0,2,0,0,0,0,0,0,0,0,0,0,0,1
010,2022010000406,248676910,1,9 AVE&&W 17 ST,W 17 ST,9 AVE,2,0,0,2,0,0,0,0,0,0,0,0,0,0,0,0
010,2022010000425,248819017,1,9 AVE&&W 28 ST,W 28 ST,9 AVE,2,0,0,2,0,0,0,0,0,0,0,0,0,0,0,0
010,2022010000405,248676909,1,9 AVE&&W 30 ST,W 30 ST,9 AVE,1,0,0,1,0,0,0,0,0,0,0,0,0,0,0,0
010,2022010000366,247554340,1,DYER AVE&&W 40 ST,DYER AVE,W 40 ST,2,1,0,2,1,0,1,0,0,0,0,0,0,0,1,0
010,2022010000385,248177943,1,DYER AVE&&W 41 ST,DYER AVE,W 41 ST,3,0,0,3,0,0,0,0,0,0,0,0,0,0,0,0
010,2022010000431,249159931,2,DYER AVE&&W 41 ST,W 41 ST,DYER AVE,2,0,0,2,0,0,0,0,0,0,0,0,0,0,0,0
010,2022010000413,248679316,1,GALVIN AVENUE&&WEST 41 STREET,WEST 41 STREET,GALVIN AVENUE,2,0,0,2,0,0,0,0,0,0,0,0,0,0,0,0
010,2022010000368,247556642,1,JOE DIMAGGIO HWY&&WEST 35 STREET,JOE DIMAGGIO HWY,WEST 35 STREET,2,0,0,2,0,0,0,0,0,0,0,0,0,0,0,0
013,2022013000498,248280111,1,1 AVE&&E 20 ST,1 AVE,E 20 ST,2,1,0,2,1,0,1,0,0,0,0,0,0,0,1,0
013,2022013000539,248969204,2,1 AVE&&E 20 ST,1 AVE,E 20 ST,2,0,0,2,0,0,0,0,0,0,0,0,0,0,0,1
013,2022013000533,248695708,1,1 AVE&&E 27 ST,1 AVE,E 27 ST,1,1,0,1,1,0,0,0,0,0,0,0,1,0,1,0
013,2022013000530,248622512,1,1 AVE&&E 28 ST,E 28 ST,1 AVE,1,1,0,1,1,0,0,0,0,0,0,0,1,0,1,0
013,2022013000532,248682504,1,2 AVE&&E 15 ST,2 AVE,E 15 ST,2,1,0,2,1,0,0,0,0,0,1,0,0,0,1,1
013,2022013000484,248190958,1,2 AVE&&E 17 ST,E 17 ST,2 AVE,2,0,0,2,0,0,0,0,0,0,0,0,0,0,0,0
013,2022013000495,248280110,1,2 AVE&&E 20 ST,2 AVE,E 20 ST,2,1,0,2,1,0,0,0,0,0,1,0,0,0,1,1
013,2022013000509,248135497,1,3 AVE&&E 20 ST,3 AVE,E 20 ST,2,1,0,2,1,0,0,0,0,0,1,0,0,0,1,1
013,2022013000515,248242028,2,3 AVE&&E 20 ST,3 AVE,E 20 ST,2,0,0,2,0,0,0,0,0,0,0,0,0,0,0,0
013,2022013000535,248699804,3,3 AVE&&E 20 ST,3 AVE,E 20 ST,2,0,0,2,0,0,0,0,0,0,0,0,0,0,0,0
013,2022013000508,248849016,4,3 AVE&&E 20 ST,E 20 ST,3 AVE,1,1,0,1,1,0,0,0,0,0,0,0,1,0,1,0
013,2022013000505,248118611,1,3 AVE&&E 26 ST,E 26 ST,3 AVE,2,1,0,2,1,0,0,0,0,0,1,0,0,0,1,1
013,2022013000478,247677908,1,3 AVE&&E 28 ST,3 AVE,E 28 ST,2,1,0,2,1,0,0,0,1,0,0,0,0,0,1,0
013,2022013000544,249022644,1,5 AVE&&E 19 ST,E 19 ST,5 AVE,2,1,0,2,1,0,1,0,0,0,0,0,0,0,1,0
013,2022013000522,249020692,1,5 AVE&&W 19 ST,5 AVE,W 19 ST,2,2,0,2,2,0,2,0,0,0,0,0,0,0,1,0
013,2022013000528,248548131,1,5 AVE&&W 28 ST,W 28 ST,5 AVE,2,5,0,2,5,0,1,0,4,0,0,0,0,0,1,0
013,2022013000512,248190961,1,7 AVE&&W 16 ST,7 AVE,W 16 ST,1,1,0,1,1,0,0,0,0,0,0,0,1,0,1,0
013,2022013000529,248548132,2,7 AVE&&W 16 ST,7 AVE,W 16 ST,2,1,0,2,1,0,0,0,0,0,1,0,0,0,1,1
013,2022013000489,248065530,1,7 AVE&&W 17 ST,7 AVE,W 17 ST,2,0,0,2,0,0,0,0,0,0,0,0,0,0,0,1
013,2022013000494,247948722,1,7 AVE&&W 23 ST,W 23 ST,7 AVE,1,1,0,1,1,0,0,0,1,0,0,0,0,0,1,0
013,2022013000541,248864574,1,7 AVE&&W 28 ST,W 28 ST,7 AVE,2,1,0,2,1,0,0,0,1,0,0,0,0,0,1,0
013,2022013000479,247805584,1,AVENUE C&&E 15 ST,E 15 ST,AVENUE C,2,5,0,2,5,0,1,0,4,0,0,0,0,0,1,0
013,2022013000519,248477596,1,AVENUE C&&E 20 ST,E 20 ST,AVENUE C,2,2,0,2,2,0,1,0,1,0,0,0,0,0,1,0
013,2022013000475,248190957,1,AVENUE OF THE AMERICAS&&W 21 ST,AVENUE OF THE AMERICAS,W 21 ST,2,2,0,2,2,0,1,0,1,0,0,0,0,0,1,0
013,2022013000496,248477594,2,AVENUE OF THE AMERICAS&&W 21 ST,W 21 ST,AVENUE OF THE AMERICAS,1,1,0,1,1,0,0,0,0,0,0,0,1,0,1,0
013,2022013000486,247852916,1,AVENUE OF THE AMERICAS&&W 22 ST,W 22 ST,AVENUE OF THE AMERICAS,2,0,0,2,0,0,0,0,0,0,0,0,0,0,0,0
013,2022013000474,247537148,1,AVENUE OF THE AMERICAS&&W 23 ST,W 23 ST,AVENUE OF THE AMERICAS,2,0,0,2,0,0,0,0,0,0,0,0,0,0,0,1
013,2022013000542,248849019,1,AVENUE OF THE AMERICAS&&W 24 ST,AVENUE OF THE AMERICAS,W 24 ST,2,1,0,2,1,0,0,0,0,0,1,0,0,0,1,1
013,2022013000472,247535621,1,AVENUE OF THE AMERICAS&&W 27 ST,AVENUE OF THE AMERICAS,W 27 ST,2,0,0,2,0,0,0,0,0,0,0,0,0,0,0,0
013,2022013000513,248196311,2,AVENUE OF THE AMERICAS&&W 27 ST,W 27 ST,AVENUE OF THE AMERICAS,1,1,0,1,1,0,0,0,0,0,0,0,1,0,1,0
013,2022013000501,248294566,3,AVENUE OF THE AMERICAS&&W 27 ST,W 27 ST,AVENUE OF THE AMERICAS,2,1,0,2,1,0,0,0,0,0,1,0,0,0,1,1
013,2022013000502,248108136,1,BROADWAY&&W 26 ST,W 26 ST,BROADWAY,2,0,0,2,0,0,0,0,0,0,0,0,0,0,0,1
013,2022013000467,247499046,1,BROADWAY&&W 28 ST,W 28 ST,BROADWAY,2,1,0,2,1,0,0,0,1,0,0,0,0,0,1,0
013,2022013000500,248280112,1,E 14 ST&&UNION SQ E,E 14 ST,UNION SQ E,1,1,0,1,1,0,0,0,0,0,0,0,1,0,1,0
013,2022013000468,247504842,1,E 15 ST&&NATHAN D PERLMAN PL,E 15 ST,NATHAN D PERLMAN PL,2,0,0,2,0,0,0,0,0,0,0,0,0,0,0,0
013,2022013000517,248622511,1,E 16 ST&&UNION SQ W,E 16 ST,UNION SQ W,2,1,0,2,1,0,0,0,1,0,0,0,0,0,1,0
013,2022013000546,249020693,1,E 21 ST&&GRAMERCY PARK N,E 21 ST,GRAMERCY PARK N,1,1,0,1,1,0,0,0,0,0,0,0,1,0,1,1
013,2022013000516,248477595,1,E 21 ST&&PARK AVE S,PARK AVE S,E 21 ST,2,0,0,2,0,0,0,0,0,0,0,0,0,0,0,0
013,2022013000527,248610254,1,E 23 ST&&FRANKLIN D ROOSEVELT DR,E 23 ST,FRANKLIN D ROOSEVELT DR,2,0,0,2,0,0,0,0,0,0,0,0,0,0,0,0
013,2022013000499,248065531,1,E 23 ST&&MADISON AVE,E 23 ST,MADISON AVE,2,1,0,2,1,0,0,0,0,0,1,0,0,0,1,1
013,2022013000480,247737080,1,E 23 ST&&PARK AVE S,E 23 ST,PARK AVE S,1,1,0,1,1,0,0,0,0,0,0,0,1,0,1,0
013,2022013000520,248610245,1,E 25 ST&&PARK AVE S,E 25 ST,PARK AVE S,2,0,0,2,0,0,0,0,0,0,0,0,0,0,0,0
013,2022013000534,248746327,1,E 28 ST&&FRANKLIN D ROOSEVELT DR,FRANKLIN D ROOSEVELT DR,E 28 ST,1,1,0,1,1,0,1,0,0,0,0,0,0,0,1,0
013,2022013000514,248196312,1,E 28 ST&&MOUNT CARMEL PL,E 28 ST,MOUNT CARMEL PL,2,0,0,2,0,0,0,0,0,0,0,0,0,0,0,0
013,2022013000482,247805028,1,EAST 25 STREET&&FDR DRIVE,FDR DRIVE,EAST 25 STREET,3,1,0,3,1,0,1,0,0,0,0,0,0,0,1,0
014,2022014000411,247526933,1,5 AVE&&E 33 ST,E 33 ST,5 AVE,1,0,0,1,0,0,0,0,0,0,0,0,0,0,0,0
014,2022014000464,248509478,1,5 AVE&&E 38 ST,E 38 ST,5 AVE,2,2,0,2,2,0,1,0,1,0,0,0,0,0,1,0
014,2022014000484,249169461,1,5 AVE&&W 32 ST,W 32 ST,5 AVE,2,1,0,2,1,0,0,0,0,0,1,0,0,0,1,1
014,2022014000427,247814979,1,5 AVE&&W 34 ST,W 34 ST,5 AVE,2,0,0,2,0,0,0,0,0,0,0,0,0,0,0,1
014,2022014000482,249169460,2,5 AVE&&W 34 ST,W 34 ST,5 AVE,2,0,0,2,0,0,0,0,0,0,0,0,0,0,0,0
014,2022014000450,248477599,1,5 AVE&&W 36 ST,W 36 ST,5 AVE,2,0,0,2,0,0,0,0,0,0,0,0,0,0,0,0
014,2022014000481,249169459,1,7 AVE&&W 30 ST,W 30 ST,7 AVE,2,0,0,2,0,0,0,0,0,0,0,0,0,0,0,0
014,2022014000414,247548196,1,7 AVE&&W 33 ST,7 AVE,W 33 ST,2,0,0,2,0,0,0,0,0,0,0,0,0,0,0,0
014,2022014000461,248509477,1,7 AVE&&W 34 ST,W 34 ST,7 AVE,1,1,0,1,1,0,0,0,0,0,0,0,1,0,1,0
014,2022014000472,249165465,2,7 AVE&&W 34 ST,W 34 ST,7 AVE,2,0,0,2,0,0,0,0,0,0,0,0,0,0,0,0
014,2022014000469,249210552,3,7 AVE&&W 34 ST,W 34 ST,7 AVE,2,0,0,2,0,0,0,0,0,0,0,0,0,0,0,1
014,2022014000433,247887346,1,7 AVE&&W 36 ST,W 36 ST,7 AVE,2,0,0,2,0,0,0,0,0,0,0,0,0,0,0,0
014,2022014000486,248911952,1,7 AVE&&W 37 ST,W 37 ST,7 AVE,2,0,0,2,0,0,0,0,0,0,0,0,0,0,0,0
014,2022014000426,247805591,1,7 AVE&&W 42 ST,W 42 ST,7 AVE,2,0,0,2,0,0,0,0,0,0,0,0,0,0,0,0
014,2022014000431,247831971,1,8 AVE&&W 31 ST,W 31 ST,8 AVE,2,0,0,2,0,0,0,0,0,0,0,0,0,0,0,0
014,2022014000439,248177948,2,8 AVE&&W 31 ST,W 31 ST,8 AVE,2,0,0,2,0,0,0,0,0,0,0,0,0,0,0,0
014,2022014000428,247814980,1,8 AVE&&W 34 ST,8 AVE,W 34 ST,2,0,0,2,0,0,0,0,0,0,0,0,0,0,0,0
014,2022014000471,248605556,2,8 AVE&&W 34 ST,W 34 ST,8 AVE,2,0,0,2,0,0,0,0,0,0,0,0,0,0,0,0
014,2022014000476,248740601,1,8 AVE&&W 41 ST,8 AVE,W 41 ST,2,0,0,2,0,0,0,0,0,0,0,0,0,0,0,0
014,2022014000465,248453280,1,9 AVE&&W 41 ST,9 AVE,W 41 ST,2,0,0,2,0,0,0,0,0,0,0,0,0,0,0,1
014,2022014000447,248177952,1,9 AVE&&W 42 ST,W 42 ST,9 AVE,2,0,0,2,0,0,0,0,0,0,0,0,0,0,0,0
014,2022014000413,247526934,1,AVENUE OF THE AMERICAS&&W 30 ST,W 30 ST,AVENUE OF THE AMERICAS,2,0,0,2,0,0,0,0,0,0,0,0,0,0,0,0
014,2022014000436,248142206,1,AVENUE OF THE AMERICAS&&W 31 ST,W 31 ST,AVENUE OF THE AMERICAS,1,1,0,1,1,0,0,0,0,0,0,0,1,0,1,0
014,2022014000437,248177947,1,AVENUE OF THE AMERICAS&&W 33 ST,W 33 ST,AVENUE OF THE AMERICAS,2,1,0,2,1,0,0,0,0,0,1,0,0,0,1,1
014,2022014000425,247805590,1,AVENUE OF THE AMERICAS&&W 41 ST,W 41 ST,AVENUE OF THE AMERICAS,1,1,0,1,1,0,0,0,0,0,0,0,1,0,1,0
014,2022014000444,248148975,1,AVENUE OF THE AMERICAS&&W 42 ST,W 42 ST,AVENUE OF THE AMERICAS,2,0,0,2,0,0,0,0,0,0,0,0,0,0,0,0
014,2022014000454,248509475,2,AVENUE OF THE AMERICAS&&W 42 ST,W 42 ST,AVENUE OF THE AMERICAS,2,1,0,2,1,0,1,0,0,0,0,0,0,0,1,0
014,2022014000417,247545994,1,AVENUE OF THE AMERICAS&&W 43 ST,W 43 ST,AVENUE OF THE AMERICAS,2,2,0,2,2,0,0,0,0,0,0,0,2,0,1,1
014,2022014000485,249157662,1,BROADWAY&&W 35 ST,W 35 ST,BROADWAY,2,1,0,2,1,0,1,0,0,0,0,0,0,0,1,0
014,2022014000452,248477600,1,BROADWAY&&W 36 ST,W 36 ST,BROADWAY,2,0,0,2,0,0,0,0,0,0,0,0,0,0,0,1
014,2022014000445,248177951,1,BROADWAY&&W 40 ST,W 40 ST,BROADWAY,2,0,0,2,0,0,0,0,0,0,0,0,0,0,0,1
014,2022014000470,249171008,1,E 30 ST&&MADISON AVE,E 30 ST,MADISON AVE,1,0,0,1,0,0,0,0,0,0,0,0,0,0,0,0
014,2022014000475,248648266,1,E 34 ST&&MADISON AVE,E 34 ST,MADISON AVE,1,1,0,1,1,0,0,0,0,0,0,0,1,0,1,0
014,2022014000429,247805592,1,E 34 ST&&PARK AVE,E 34 ST,PARK AVE,2,0,0,2,0,0,0,0,0,0,0,0,0,0,0,0
014,2022014000488,249159253,1,E 40 ST&&LEXINGTON AVE,E 40 ST,LEXINGTON AVE,2,0,0,2,0,0,0,0,0,0,0,0,0,0,0,0
014,2022014000420,247609005,1,E 42 ST&&LEXINGTON AVE,E 42 ST,LEXINGTON AVE,1,0,0,1,0,0,0,0,0,0,0,0,0,0,0,0
017,2022017000564,248199478,1,1 AVE&&E 35 ST,1 AVE,E 35 ST,2,1,0,2,1,0,1,0,0,0,0,0,0,0,1,0
017,2022017000585,248763503,1,1 AVE&&E 38 ST,E 38 ST,1 AVE,2,1,0,2,1,0,0,0,0,0,1,0,0,0,1,1
017,2022017000589,248976465,1,1 AVE&&E 39 ST,E 39 ST,1 AVE,1,1,0,1,1,0,0,0,0,0,0,0,1,0,1,0
017,2022017000538,247852918,1,1 AVE&&E 42 ST,E 42 ST,1 AVE,2,6,0,2,6,0,2,0,4,0,0,0,0,0,1,0
017,2022017000579,248568598,2,1 AVE&&E 42 ST,E 42 ST,1 AVE,2,1,0,2,1,0,1,0,0,0,0,0,0,0,1,0
017,2022017000543,247947400,1,1 AVE&&E 49 ST,E 49 ST,1 AVE,1,1,0,1,1,0,0,0,1,0,0,0,0,0,1,0
017,2022017000547,248565178,1,1 AVE&&E 55 ST,E 55 ST,1 AVE,2,1,0,2,1,0,0,0,1,0,0,0,0,0,1,0
017,2022017000539,248129120,1,1 AVE&&E 57 ST,1 AVE,E 57 ST,2,1,0,2,1,0,0,0,0,0,1,0,0,0,1,1
017,2022017000581,248630081,1,2 AVE&&E 31 ST,E 31 ST,2 AVE,2,0,0,2,0,0,0,0,0,0,0,0,0,0,0,0
017,2022017000514,247478274,1,2 AVE&&E 32 ST,E 32 ST,2 AVE,2,0,0,2,0,0,0,0,0,0,0,0,0,0,0,0
017,2022017000533,247789447,1,2 AVE&&E 36 ST,E 36 ST,2 AVE,2,0,0,2,0,0,0,0,0,0,0,0,0,0,0,0
017,2022017000578,248868490,2,2 AVE&&E 36 ST,E 36 ST,2 AVE,1,1,0,1,1,0,0,0,0,0,0,0,1,0,1,0
017,2022017000541,247944372,1,2 AVE&&E 37 ST,E 37 ST,2 AVE,2,0,0,2,0,0,0,0,0,0,0,0,0,0,0,0
017,2022017000527,247725784,1,2 AVE&&E 38 ST,E 38 ST,2 AVE,2,0,0,2,0,0,0,0,0,0,0,0,0,0,0,0
017,2022017000550,248150870,1,2 AVE&&E 39 ST,2 AVE,E 39 ST,2,1,0,2,1,0,0,0,0,0,1,0,0,0,1,1
017,2022017000593,248840289,1,2 AVE&&E 40 ST,E 40 ST,2 AVE,1,1,0,1,1,0,0,0,0,0,0,0,1,0,1,0
017,2022017000590,248868491,1,2 AVE&&E 41 ST,2 AVE,E 41 ST,2,1,0,2,1,0,1,0,0,0,0,0,0,0,1,0
017,2022017000567,248407772,1,2 AVE&&E 42 ST,2 AVE,E 42 ST,2,1,0,2,1,0,0,0,0,0,1,0,0,0,1,1
017,2022017000561,248150871,1,2 AVE&&E 44 ST,E 44 ST,2 AVE,1,1,0,1,1,0,0,0,0,0,0,0,1,0,1,0
017,2022017000549,248124709,1,2 AVE&&E 50 ST,2 AVE,E 50 ST,2,1,0,2,1,0,0,0,0,0,1,0,0,0,1,1
017,2022017000535,247808435,1,2 AVE&&E 51 ST,E 51 ST,2 AVE,2,0,0,2,0,0,0,0,0,0,0,0,0,0,0,0
017,2022017000528,247761075,1,2 AVE&&E 56 ST,2 AVE,E 56 ST,2,1,0,2,1,0,1,0,0,0,0,0,0,0,1,0
017,2022017000548,247992097,2,2 AVE&&E 56 ST,E 56 ST,2 AVE,2,0,0,2,0,0,0,0,0,0,0,0,0,0,0,0
017,2022017000582,249124252,3,2 AVE&&E 56 ST,E 56 ST,2 AVE,2,0,0,2,0,0,0,0,0,0,0,0,0,0,0,0
017,2022017000591,249179115,1,2 AVE&&E 57 ST,E 57 ST,2 AVE,2,1,0,2,1,0,1,0,0,0,0,0,0,0,1,0
017,2022017000513,247478273,1,2 AVE&&E 59 ST,E 59 ST,2 AVE,2,0,0,2,0,0,0,0,0,0,0,0,0,0,0,0
017,2022017000516,247512515,2,2 AVE&&E 59 ST,E 59 ST,2 AVE,2,0,0,2,0,0,0,0,0,0,0,0,0,0,0,0
017,2022017000515,248760576,1,2 AVEUNE&&59 STREET,59 STREET,2 AVEUNE,1,1,0,1,1,0,1,0,0,0,0,0,0,0,1,0
017,2022017000584,248630082,1,3 AVE&&E 32 ST,E 32 ST,3 AVE,1,1,0,1,1,0,0,0,0,0,0,0,1,0,1,0
017,2022017000556,248509480,1,3 AVE&&E 34 ST,E 34 ST,3 AVE,2,0,0,2,0,0,0,0,0,0,0,0,0,0,0,0
017,2022017000553,248091578,1,3 AVE&&E 36 ST,3 AVE,E 36 ST,2,0,0,2,0,0,0,0,0,0,0,0,0,0,0,0
017,2022017000551,248080652,1,3 AVE&&E 37 ST,E 37 ST,3 AVE,2,0,0,2,0,0,0,0,0,0,0,0,0,0,0,0
017,2022017000571,248325815,2,3 AVE&&E 37 ST,E 37 ST,3 AVE,2,0,0,2,0,0,0,0,0,0,0,0,0,0,0,0
017,2022017000546,248070650,1,3 AVE&&E 39 ST,E 39 ST,3 AVE,2,0,0,2,0,0,0,0,0,0,0,0,0,0,0,0
017,2022017000559,248528125,1,3 AVE&&E 48 ST,E 48 ST,3 AVE,1,1,0,1,1,0,0,0,0,0,0,0,1,0,1,0
017,2022017000554,248093464,1,3 AVE&&E 49 ST,E 49 ST,3 AVE,2,3,0,2,3,0,1,0,2,0,0,0,0,0,1,0
017,2022017000563,248482905,1,3 AVE&&E 58 ST,3 AVE,E 58 ST,2,2,0,2,2,0,1,0,1,0,0,0,0,0,1,0
017,2022017000586,248763504,2,3 AVE&&E 58 ST,E 58 ST,3 AVE,2,1,0,2,1,0,0,0,0,0,1,0,0,0,1,1
017,2022017000565,248404299,1,3 AVE&&E 59 ST,3 AVE,E 59 ST,2,0,0,2,0,0,0,0,0,0,0,0,0,0,0,0
017,2022017000526,247984843,1,E 32 ST&&LEXINGTON AVE,E 32 ST,LEXINGTON AVE,2,1,0,2,1,0,0,0,1,0,0,0,0,0,1,0
017,2022017000545,247987635,1,E 34 ST&&LEXINGTON AVE,E 34 ST,LEXINGTON AVE,2,0,0,2,0,0,0,0,0,0,0,0,0,0,0,0
017,2022017000557,248198851,1,E 34 ST&&QUEENS MIDTOWN TUNNEL EXIT,E 34 ST,QUEENS MIDTOWN TUNNEL EXIT,2,1,0,2,1,0,0,0,0,0,1,0,0,0,1,1
017,2022017000580,248568599,1,E 36 ST&&LEXINGTON AVE,LEXINGTON AVE,E 36 ST,2,1,0,2,1,0,0,0,0,0,1,0,0,0,1,1
017,2022017000512,247439976,1,E 36 ST&&PARK AVE,E 36 ST,PARK AVE,1,0,0,1,0,0,0,0,0,0,0,0,0,0,0,0
017,2022017000524,248407771,2,E 36 ST&&PARK AVE,E 36 ST,PARK AVE,1,1,0,1,1,0,0,0,0,0,0,0,1,0,1,0
017,2022017000518,247512516,1,E 37 ST&&PARK AVE,E 37 ST,PARK AVE,2,0,0,2,0,0,0,0,0,0,0,0,0,0,0,0
017,2022017000572,248760578,1,E 38 ST&&FRANKLIN D ROOSEVELT DR,E 38 ST,FRANKLIN D ROOSEVELT DR,2,0,0,2,0,0,0,0,0,0,0,0,0,0,0,0
017,2022017000532,247785673,1,E 39 ST&&PARK AVE,E 39 ST,PARK AVE,2,0,0,2,0,0,0,0,0,0,0,0,0,0,0,0
017,2022017000555,249124251,1,E 42 ST&&LEXINGTON AVE,E 42 ST,LEXINGTON AVE,2,0,0,2,0,0,0,0,0,0,0,0,0,0,0,0
017,2022017000525,248124708,1,E 44 ST&&LEXINGTON AVE,LEXINGTON AVE,E 44 ST,2,0,0,2,0,0,0,0,0,0,0,0,0,0,0,0
017,2022017000531,247789446,1,E 49 ST&&FRANKLIN D ROOSEVELT DR,FRANKLIN D ROOSEVELT DR,E 49 ST,2,3,0,2,3,0,1,0,2,0,0,0,0,0,1,0
017,2022017000523,247668592,1,E 56 ST&&LEXINGTON AVE,LEXINGTON AVE,E 56 ST,2,0,0,2,0,0,0,0,0,0,0,0,0,0,0,0
017,2022017000566,248630080,1,EAST 53 STREET&&FDR DRIVE,FDR DRIVE,EAST 53 STREET,2,0,0,2,0,0,0,0,0,0,0,0,0,0,0,0
017,2022017000576,249151854,1,EAST 59 STREET&&FDR DRIVE,EAST 59 STREET,FDR DRIVE,2,0,0,2,0,0,0,0,0,0,0,0,0,0,0,0
018,2022018000562,247828255,1,10 AVE&&W 43 ST,W 43 ST,10 AVE,2,0,0,2,0,0,0,0,0,0,0,0,0,0,0,0
018,2022018000552,247668595,1,10 AVE&&W 47 ST,10 AVE,W 47 ST,2,1,0,2,1,0,0,0,1,0,0,0,0,0,1,0
018,2022018000592,248545240,1,11 AVE&&W 55 ST,W 55 ST,11 AVE,2,0,0,2,0,0,0,0,0,0,0,0,0,0,0,0
018,2022018000579,248334277,1,11 AVE&&W 57 ST,W 57 ST,11 AVE,2,1,0,2,1,0,1,0,0,0,0,0,0,0,1,0
018,2022018000594,248545242,1,11 AVE&&W 59 ST,W 59 ST,11 AVE,1,1,0,1,1,0,0,0,0,0,0,0,1,0,1,0
018,2022018000568,247948725,1,12 AVE&&W 48 ST,12 AVE,W 48 ST,2,1,0,2,1,0,0,0,1,0,0,0,0,0,1,0
018,2022018000599,248545245,1,12 AVE&&W 56 ST,12 AVE,W 56 ST,2,1,0,2,1,0,1,0,0,0,0,0,0,0,1,0
018,2022018000545,247554343,1,5 AVE&&E 49 ST,E 49 ST,5 AVE,2,1,0,2,1,0,1,0,0,0,0,0,0,0,1,0
018,2022018000589,248384488,2,5 AVE&&E 49 ST,5 AVE,E 49 ST,2,1,0,2,1,0,0,0,0,0,1,0,0,0,1,1
018,2022018000613,248896453,1,5 AVE&&W 52 ST,5 AVE,W 52 ST,2,0,0,2,0,0,0,0,0,0,0,0,0,0,0,0
018,2022018000542,247603330,1,5 AVE&&W 57 ST,5 AVE,W 57 ST,2,0,0,2,0,0,0,0,0,0,0,0,0,0,0,0
018,2022018000576,248218852,2,5 AVE&&W 57 ST,W 57 ST,5 AVE,2,1,0,2,1,0,0,0,0,0,1,0,0,0,1,1
018,2022018000580,248334278,1,7 AVE&&CENTRAL PARK S,CENTRAL PARK S,7 AVE,2,0,0,2,0,0,0,0,0,0,0,0,0,0,0,0
018,2022018000586,248334282,2,7 AVE&&CENTRAL PARK S,CENTRAL PARK S,7 AVE,2,1,0,2,1,0,0,0,1,0,0,0,0,0,1,0
018,2022018000561,247821817,1,7 AVE&&W 47 ST,W 47 ST,7 AVE,2,1,0,2,1,0,0,0,0,0,1,0,0,0,1,1
018,2022018000560,247821816,1,7 AVE&&W 49 ST,W 49 ST,7 AVE,2,0,0,2,0,0,0,0,0,0,0,0,0,0,0,0
018,2022018000606,248672214,1,7 AVE&&W 50 ST,W 50 ST,7 AVE,2,0,0,2,0,0,0,0,0,0,0,0,0,0,0,1
018,2022018000609,248672215,1,7 AVE&&W 57 ST,W 57 ST,7 AVE,2,1,0,2,1,0,0,0,0,0,1,0,0,0,1,1
018,2022018000602,248672213,1,8 AVE&&W 45 ST,W 45 ST,8 AVE,1,1,0,1,1,0,0,0,0,0,0,0,1,0,1,0
018,2022018000587,248334283,1,8 AVE&&W 47 ST,W 47 ST,8 AVE,2,1,0,2,1,0,0,0,0,0,1,0,0,0,1,1
018,2022018000547,247628273,1,8 AVE&&W 52 ST,W 52 ST,8 AVE,1,1,0,1,1,0,0,0,0,0,0,0,1,0,1,0
018,2022018000558,247821814,1,8 AVE&&W 53 ST,W 53 ST,8 AVE,2,3,0,2,3,0,1,0,2,0,0,0,0,0,1,0
018,2022018000544,247603332,1,8 AVE&&W 57 ST,W 57 ST,8 AVE,2,1,0,2,1,0,0,0,0,0,1,0,0,0,1,1
018,2022018000540,247602201,1,9 AVE&&W 46 ST,9 AVE,W 46 ST,2,2,0,2,2,0,1,0,1,0,0,0,0,0,1,0
018,2022018000563,247832533,1,9 AVE&&W 49 ST,W 49 ST,9 AVE,1,1,0,1,1,0,0,0,0,0,0,0,1,0,1,0
018,2022018000573,248160064,1,9 AVE&&W 51 ST,9 AVE,W 51 ST,2,1,0,2,1,0,0,0,0,0,1,0,0,0,1,1
018,2022018000615,248896454,2,9 AVE&&W 51 ST,W 51 ST,9 AVE,1,1,0,1,1,0,0,0,0,0,0,0,1,0,1,0
018,2022018000565,247948723,1,AVENUE OF THE AMERICAS&&W 48 ST,AVENUE OF THE AMERICAS,W 48 ST,2,0,0,2,0,0,0,0,0,0,0,0,0,0,0,0
018,2022018000539,247603329,1,BROADWAY&&W 48 ST,W 48 ST,BROADWAY,2,1,0,2,1,0,0,0,1,0,0,0,0,0,1,0
018,2022018000601,248605557,1,BROADWAY&&W 53 ST,BROADWAY,W 53 ST,2,0,0,2,0,0,0,0,0,0,0,0,0,0,0,0
018,2022018000605,248606977,2,BROADWAY&&W 53 ST,W 53 ST,BROADWAY,2,1,0,2,1,0,1,0,0,0,0,0,0,0,1,0
018,2022018000550,247668594,1,BROADWAY&&W 56 ST,W 56 ST,BROADWAY,2,0,0,2,0,0,0,0,0,0,0,0,0,0,0,0
018,2022018000610,248672216,1,E 46 ST&&PARK AVE,PARK AVE,E 46 ST,2,0,0,2,0,0,0,0,0,0,0,0,0,0,0,0
018,2022018000570,248012974,1,E 52 ST&&MADISON AVE,E 52 ST,MADISON AVE,2,1,0,2,1,0,1,0,0,0,0,0,0,0,1,0
018,2022018000543,247603331,1,E 52 ST&&PARK AVE,E 52 ST,PARK AVE,2,2,0,2,2,0,1,0,1,0,0,0,0,0,1,0
018,2022018000612,248691919,1,E 57 ST&&PARK AVE,E 57 ST,PARK AVE,2,0,0,2,0,0,0,0,0,0,0,0,0,0,0,1
018,2022018000541,247602202,1,E 59 ST&&MADISON AVE,MADISON AVE,E 59 ST,2,0,0,2,0,0,0,0,0,0,0,0,0,0,0,0
018,2022018000555,247821811,2,E 59 ST&&MADISON AVE,E 59 ST,MADISON AVE,3,0,0,3,0,0,0,0,0,0,0,0,0,0,0,0
019,2022019000866,248158255,1,1 AVE&&E 61 ST,1 AVE,E 61 ST,2,1,0,2,1,0,0,0,1,0,0,0,0,0,1,0
019,2022019000868,248160077,2,1 AVE&&E 61 ST,E 61 ST,1 AVE,2,0,0,2,0,0,0,0,0,0,0,0,0,0,0,0
019,2022019000870,248206172,3,1 AVE&&E 61 ST,E 61 ST,1 AVE,2,0,0,2,0,0,0,0,0,0,0,0,0,0,0,0
019,2022019000821,247881146,1,1 AVE&&E 62 ST,E 62 ST,1 AVE,2,1,0,2,1,0,0,0,1,0,0,0,0,0,1,0
019,2022019000882,248378597,2,1 AVE&&E 62 ST,E 62 ST,1 AVE,2,0,0,2,0,0,0,0,0,0,0,0,0,0,0,0
019,2022019000913,248737362,3,1 AVE&&E 62 ST,E 62 ST,1 AVE,2,0,0,2,0,0,0,0,0,0,0,0,0,0,0,0
019,2022019000922,249073602,4,1 AVE&&E 62 ST,E 62 ST,1 AVE,2,0,0,2,0,0,0,0,0,0,0,0,0,0,0,0
019,2022019000841,248158253,1,1 AVE&&E 65 ST,1 AVE,E 65 ST,2,1,0,2,1,0,1,0,0,0,0,0,0,0,1,0
019,2022019000824,247726972,1,1 AVE&&E 68 ST,1 AVE,E 68 ST,2,0,0,2,0,0,0,0,0,0,0,0,0,0,0,0
019,2022019000842,248540998,1,1 AVE&&E 73 ST,E 73 ST,1 AVE,2,1,0,2,1,0,0,0,0,0,1,0,0,0,1,1
019,2022019000923,248847377,1,1 AVE&&E 74 ST,1 AVE,E 74 ST,2,1,0,2,1,0,0,0,1,0,0,0,0,0,1,0
019,2022019000862,248378594,1,1 AVE&&E 81 ST,1 AVE,E 81 ST,2,0,0,2,0,0,0,0,0,0,0,0,0,0,0,0
019,2022019000865,248158254,1,1 AVE&&E 85 ST,E 85 ST,1 AVE,2,1,0,2,1,0,1,0,0,0,0,0,0,0,1,0
019,2022019000886,248378600,1,1 AVE&&E 86 ST,E 86 ST,1 AVE,2,1,0,2,1,0,0,0,1,0,0,0,0,0,1,0
019,2022019000915,248738740,2,1 AVE&&E 86 ST,E 86 ST,1 AVE,2,0,0,2,0,0,0,0,0,0,0,0,0,0,0,0
019,2022019000905,248603036,1,1 AVE&&E 87 ST,E 87 ST,1 AVE,2,0,0,2,0,0,0,0,0,0,0,0,0,0,0,1
019,2022019000875,248264723,1,1 AVE&&E 89 ST,E 89 ST,1 AVE,1,0,0,1,0,0,0,0,0,0,0,0,0,0,0,0
019,2022019000860,248378593,2,1 AVE&&E 89 ST,E 89 ST,1 AVE,2,1,0,2,1,0,0,0,1,0,0,0,0,0,1,0
019,2022019000884,248378598,1,1 AVE&&E 92 ST,1 AVE,E 92 ST,2,1,0,2,1,0,1,0,0,0,0,0,0,0,1,0
019,2022019000877,248322945,1,1 AVE&&E 96 ST,E 96 ST,1 AVE,2,1,0,2,1,0,1,0,0,0,0,0,0,0,1,0
019,2022019000881,248322946,1,2 AVE&&E 60 ST,2 AVE,E 60 ST,2,0,0,2,0,0,0,0,0,0,0,0,0,0,0,1
019,2022019000872,248206173,1,2 AVE&&E 62 ST,E 62 ST,2 AVE,2,0,0,2,0,0,0,0,0,0,0,0,0,0,0,0
019,2022019000916,248894445,1,2 AVE&&E 70 ST,2 AVE,E 70 ST,2,0,0,2,0,0,0,0,0,0,0,0,0,0,0,0
019,2022019000909,248669686,1,2 AVE&&E 71 ST,E 71 ST,2 AVE,1,1,0,1,1,0,0,0,0,0,0,0,1,0,1,0
019,2022019000897,248540999,1,2 AVE&&E 73 ST,E 73 ST,2 AVE,1,1,0,1,1,0,0,0,0,0,0,0,1,0,1,0
019,2022019000831,248002880,1,2 AVE&&E 78 ST,2 AVE,E 78 ST,2,0,0,2,0,0,0,0,0,0,0,0,0,0,0,0
019,2022019000825,248160066,1,2 AVE&&E 80 ST,E 80 ST,2 AVE,2,1,0,2,1,0,0,0,1,0,0,0,0,0,1,0
019,2022019000847,248206170,1,2 AVE&&E 83 ST,E 83 ST,2 AVE,1,0,0,1,0,0,0,0,0,0,0,0,0,0,0,0
019,2022019000815,247507890,1,2 AVE&&E 84 ST,2 AVE,E 84 ST,2,0,0,2,0,0,0,0,0,0,0,0,0,0,0,0
019,2022019000807,247507887,1,2 AVE&&E 85 ST,2 AVE,E 85 ST,2,0,0,2,0,0,0,0,0,0,0,0,0,0,0,0
019,2022019000874,248264722,1,2 AVE&&E 92 ST,E 92 ST,2 AVE,2,1,0,2,1,0,0,0,0,0,1,0,0,0,1,1
019,2022019000894,248493859,1,2 AVE&&E 96 ST,E 96 ST,2 AVE,2,0,0,2,0,0,0,0,0,0,0,0,0,0,0,0
019,2022019000820,247881145,1,3 AVE&&E 59 ST,E 59 ST,3 AVE,2,0,0,2,0,0,0,0,0,0,0,0,0,0,0,0
019,2022019000871,248282826,1,3 AVE&&E 67 ST,E 67 ST,3 AVE,2,0,0,2,0,0,0,0,0,0,0,0,0,0,0,0
019,2022019000808,247677909,1,3 AVE&&E 86 ST,E 86 ST,3 AVE,2,1,0,2,1,0,0,0,0,0,1,0,0,0,1,1
019,2022019000816,247515581,1,3 AVE&&E 90 ST,E 90 ST,3 AVE,2,1,0,2,1,0,1,0,0,0,0,0,0,0,1,0
019,2022019000887,248396408,1,3 AVE&&E 96 ST,3 AVE,E 96 ST,2,0,0,2,0,0,0,0,0,0,0,0,0,0,0,0
019,2022019000852,248160068,1,5 AVE&&E 75 ST,5 AVE,E 75 ST,2,1,0,2,1,0,1,0,0,0,0,0,0,0,1,0
019,2022019000805,247507885,1,5 AVE&&E 82 ST,5 AVE,E 82 ST,1,1,0,1,1,0,0,0,0,0,0,0,1,0,1,0
019,2022019000890,248616681,1,5 AVE&&E 83 ST,5 AVE,E 83 ST,1,1,0,1,1,0,0,0,0,0,0,0,1,0,1,0
019,2022019000889,248603034,1,5 AVE&&E 91 ST,E 91 ST,5 AVE,1,0,0,1,0,0,0,0,0,0,0,0,0,0,0,0
019,2022019000867,248160076,1,E 60 ST&&YORK AVE,E 60 ST,YORK AVE,2,0,0,2,0,0,0,0,0,0,0,0,0,0,0,0
019,2022019000833,247838577,1,E 62 ST&&MADISON AVE,E 62 ST,MADISON AVE,2,0,0,2,0,0,0,0,0,0,0,0,0,0,0,0
019,2022019000840,247883710,2,E 62 ST&&MADISON AVE,MADISON AVE,E 62 ST,2,0,0,2,0,0,0,0,0,0,0,0,0,0,0,0
019,2022019000901,248603035,3,E 62 ST&&MADISON AVE,MADISON AVE,E 62 ST,2,0,0,2,0,0,0,0,0,0,0,0,0,0,0,0
019,2022019000891,248493858,1,E 62 ST&&PARK AVE,PARK AVE,E 62 ST,2,1,0,2,1,0,1,0,0,0,0,0,0,0,1,0
019,2022019000849,248336625,1,E 66 ST&&MADISON AVE,MADISON AVE,E 66 ST,2,1,0,2,1,0,1,0,0,0,0,0,0,0,1,0
019,2022019000856,248160071,1,E 67 ST&&LEXINGTON AVE,LEXINGTON AVE,E 67 ST,2,0,0,2,0,0,0,0,0,0,0,0,0,0,0,0
019,2022019000846,248616680,1,E 68 ST&&YORK AVE,E 68 ST,YORK AVE,2,1,0,2,1,0,1,0,0,0,0,0,0,0,1,0
019,2022019000911,248669687,2,E 68 ST&&YORK AVE,E 68 ST,YORK AVE,2,1,0,2,1,0,0,0,1,0,0,0,0,0,1,0
019,2022019000814,247545997,1,E 71 ST&&FRANKLIN D ROOSEVELT DR,E 71 ST,FRANKLIN D ROOSEVELT DR,2,0,0,2,0,0,0,0,0,0,0,0,0,0,0,0
019,2022019000837,247881148,1,E 72 ST&&MADISON AVE,MADISON AVE,E 72 ST,2,1,0,2,1,0,1,0,0,0,0,0,0,0,1,0
019,2022019000844,247881150,1,E 77 ST&&PARK AVE,PARK AVE,E 77 ST,1,1,0,1,1,0,0,0,0,0,0,0,1,0,1,0
019,2022019000829,247883708,1,E 78 ST&&MADISON AVE,MADISON AVE,E 78 ST,2,0,0,2,0,0,0,0,0,0,0,0,0,0,0,0
019,2022019000859,248206171,1,E 83 ST&&MADISON AVE,E 83 ST,MADISON AVE,2,1,0,2,1,0,1,0,0,0,0,0,0,0,1,0
019,2022019000873,248264721,1,E 83 ST&&YORK AVE,E 83 ST,YORK AVE,2,1,0,2,1,0,1,0,0,0,0,0,0,0,1,0
019,2022019000818,247881144,1,E 84 ST&&LEXINGTON AVE,LEXINGTON AVE,E 84 ST,2,0,0,2,0,0,0,0,0,0,0,0,0,0,0,0
019,2022019000902,248586672,1,E 85 ST&&MADISON AVE,E 85 ST,MADISON AVE,2,0,1,2,0,1,0,0,0,0,0,1,0,0,1,1
019,2022019000827,248603032,1,E 89 ST&&YORK AVE,E 89 ST,YORK AVE,2,0,0,2,0,0,0,0,0,0,0,0,0,0,0,0
019,2022019000811,247507889,1,E 96 ST&&LEXINGTON AVE,E 96 ST,LEXINGTON AVE,2,1,0,2,1,0,1,0,0,0,0,0,0,0,1,0
020,2022020000345,248579044,1,AMSTERDAM AVE&&W 60 ST,W 60 ST,AMSTERDAM AVE,2,0,0,2,0,0,0,0,0,0,0,0,0,0,0,0
020,2022020000323,248065533,1,AMSTERDAM AVE&&W 65 ST,AMSTERDAM AVE,W 65 ST,2,0,0,2,0,0,0,0,0,0,0,0,0,0,0,0
020,2022020000354,248699807,1,AMSTERDAM AVE&&W 68 ST,AMSTERDAM AVE,W 68 ST,2,0,0,2,0,0,0,0,0,0,0,0,0,0,0,0
020,2022020000353,248738744,1,AMSTERDAM AVE&&W 75 ST,W 75 ST,AMSTERDAM AVE,2,1,0,2,1,0,0,0,0,0,1,0,0,0,1,1
020,2022020000337,248325816,1,AMSTERDAM AVE&&W 79 ST,W 79 ST,AMSTERDAM AVE,2,1,0,2,1,0,0,0,0,0,1,0,0,0,1,1
020,2022020000316,247911619,1,AMSTERDAM AVE&&W 85 ST,AMSTERDAM AVE,W 85 ST,2,0,0,2,0,0,0,0,0,0,0,0,0,0,0,0
020,2022020000362,248915399,2,AMSTERDAM AVE&&W 85 ST,W 85 ST,AMSTERDAM AVE,2,0,0,2,0,0,0,0,0,0,0,0,0,0,0,0
020,2022020000339,248738742,1,BROADWAY&&W 61 ST,W 61 ST,BROADWAY,2,0,0,2,0,0,0,0,0,0,0,0,0,0,0,0
020,2022020000357,248839984,1,BROADWAY&&W 65 ST,BROADWAY,W 65 ST,2,0,0,2,0,0,0,0,0,0,0,0,0,0,0,0
020,2022020000332,248602584,1,BROADWAY&&W 66 ST,W 66 ST,BROADWAY,2,0,0,2,0,0,0,0,0,0,0,0,0,0,0,0
020,2022020000326,248150873,1,BROADWAY&&W 68 ST,W 68 ST,BROADWAY,2,0,0,2,0,0,0,0,0,0,0,0,0,0,0,0
020,2022020000361,249080793,1,BROADWAY&&W 72 ST,BROADWAY,W 72 ST,1,1,0,1,1,0,0,0,0,0,0,0,1,0,1,0
020,2022020000312,247689086,1,BROADWAY&&W 75 ST,W 75 ST,BROADWAY,2,0,0,2,0,0,0,0,0,0,0,0,0,0,0,0
020,2022020000342,248602585,1,BROADWAY&&W 84 ST,BROADWAY,W 84 ST,2,1,0,2,1,0,0,0,0,0,1,0,0,0,1,1
020,2022020000355,248738745,1,CENTRAL PARK W&&W 61 ST,CENTRAL PARK W,W 61 ST,2,2,0,2,2,0,0,0,1,0,1,0,0,0,1,1
020,2022020000335,248264726,1,CENTRAL PARK W&&W 65 ST,W 65 ST,CENTRAL PARK W,2,0,0,2,0,0,0,0,0,0,0,0,0,0,0,0
020,2022020000350,248582775,1,CENTRAL PARK W&&W 66 ST,CENTRAL PARK W,W 66 ST,2,1,0,2,1,0,0,0,0,0,1,0,0,0,1,1
020,2022020000331,248528128,1,CENTRAL PARK W&&W 73 ST,W 73 ST,CENTRAL PARK W,2,1,0,2,1,0,0,0,1,0,0,0,0,0,1,0
020,2022020000349,248760580,1,CENTRAL PARK W&&W 74 ST,W 74 ST,CENTRAL PARK W,2,0,0,2,0,0,0,0,0,0,0,0,0,0,0,0
020,2022020000329,248528127,1,CENTRAL PARK W&&W 77 ST,W 77 ST,CENTRAL PARK W,3,0,0,3,0,0,0,0,0,0,0,0,0,0,0,0
020,2022020000306,247532490,1,CENTRAL PARK W&&W 81 ST,CENTRAL PARK W,W 81 ST,2,0,0,2,0,0,0,0,0,0,0,0,0,0,0,0
020,2022020000336,248520800,2,CENTRAL PARK W&&W 81 ST,W 81 ST,CENTRAL PARK W,2,0,0,2,0,0,0,0,0,0,0,0,0,0,0,0
020,2022020000358,248839985,1,CENTRAL PARK W&&W 86 ST,CENTRAL PARK W,W 86 ST,2,0,0,2,0,0,0,0,0,0,0,0,0,0,0,0
020,2022020000338,248325817,1,COLUMBUS AVE&&W 61 ST,W 61 ST,COLUMBUS AVE,2,1,0,2,1,0,0,0,0,0,1,0,0,0,1,1
020,2022020000333,248264724,1,COLUMBUS AVE&&W 63 ST,W 63 ST,COLUMBUS AVE,1,1,0,1,1,0,0,0,0,0,0,0,1,0,1,0
020,2022020000310,247535622,1,COLUMBUS AVE&&W 65 ST,COLUMBUS AVE,W 65 ST,2,0,0,2,0,0,0,0,0,0,0,0,0,0,0,0
020,2022020000334,248264725,2,COLUMBUS AVE&&W 65 ST,W 65 ST,COLUMBUS AVE,1,1,0,1,1,0,0,0,0,0,0,0,1,0,1,0
020,2022020000318,247908286,1,COLUMBUS AVE&&W 76 ST,COLUMBUS AVE,W 76 ST,1,1,0,1,1,0,0,0,0,0,0,0,1,0,1,0
020,2022020000311,247551956,1,COLUMBUS AVE&&W 77 ST,COLUMBUS AVE,W 77 ST,2,0,0,2,0,0,0,0,0,0,0,0,0,0,0,1
020,2022020000343,248517645,1,COLUMBUS AVE&&W 78 ST,COLUMBUS AVE,W 78 ST,2,0,0,2,0,0,0,0,0,0,0,0,0,0,0,0
020,2022020000324,248065534,1,COLUMBUS AVE&&W 80 ST,W 80 ST,COLUMBUS AVE,1,0,0,1,0,0,0,0,0,0,0,0,0,0,0,0
020,2022020000341,248520801,1,RIVERSIDE BLVD&&W 71 ST,W 71 ST,RIVERSIDE BLVD,1,0,0,1,0,0,0,0,0,0,0,0,0,0,0,0
020,2022020000348,248571423,1,RIVERSIDE DR&&W 80 ST,RIVERSIDE DR,W 80 ST,2,1,0,2,1,0,1,0,0,0,0,0,0,0,1,0
020,2022020000305,247838579,1,RIVERSIDE DR&&W 84 ST,W 84 ST,RIVERSIDE DR,1,0,0,1,0,0,0,0,0,0,0,0,0,0,0,0
020,2022020000346,248520802,1,W 59 ST&&W END AVE,W 59 ST,W END AVE,2,1,0,2,1,0,0,0,1,0,0,0,0,0,1,0
020,2022020000359,248839986,1,W 63 ST&&W END AVE,W END AVE,W 63 ST,2,1,0,2,1,0,0,0,0,0,1,0,0,0,1,1
020,2022020000317,247852919,1,W 64 ST&&W END AVE,W 64 ST,W END AVE,1,1,0,1,1,0,0,0,0,0,0,0,1,0,1,0
020,2022020000314,247838580,1,W 70 ST&&W END AVE,W END AVE,W 70 ST,2,0,0,2,0,0,0,0,0,0,0,0,0,0,0,1
020,2022020000322,248065532,1,W 71 ST&&W END AVE,W 71 ST,W END AVE,2,0,0,2,0,0,0,0,0,0,0,0,0,0,0,0
020,2022020000330,248380929,1,W 73 ST&&W END AVE,W 73 ST,W END AVE,2,1,0,2,1,0,0,0,0,0,1,0,0,0,1,1
020,2022020000321,247977441,1,W 77 ST&&W END AVE,W END AVE,W 77 ST,2,0,0,2,0,0,0,0,0,0,0,0,0,0,0,0
020,2022020000315,247838581,1,W 79 ST&&W END AVE,W END AVE,W 79 ST,2,0,0,2,0,0,0,0,0,0,0,0,0,0,0,0
022,2022022000071,247441536,1,65 ST TRANSVERSE&&WEST DR,WEST DR,65 ST TRANSVERSE,1,1,0,1,1,0,0,0,1,0,0,0,0,0,1,0
022,2022022000086,248622513,2,65 ST TRANSVERSE&&WEST DR,WEST DR,65 ST TRANSVERSE,1,1,0,1,1,0,0,0,1,0,0,0,0,0,1,0
022,2022022000090,248820523,1,79 ST TRANSVERSE&&CENTRAL PARK W,79 ST TRANSVERSE,CENTRAL PARK W,2,0,0,2,0,0,0,0,0,0,0,0,0,0,0,0
022,2022022000078,248218854,1,79 ST TRANSVERSE&&EAST DR,EAST DR,79 ST TRANSVERSE,1,1,0,1,1,0,1,0,0,0,0,0,0,0,1,0
022,2022022000083,248380931,2,79 ST TRANSVERSE&&EAST DR,EAST DR,79 ST TRANSVERSE,1,1,0,1,1,0,0,0,1,0,0,0,0,0,1,0
022,2022022000072,247511997,1,86 ST TRANSVERSE&&WEST DR,WEST DR,86 ST TRANSVERSE,2,0,0,2,0,0,0,0,0,0,0,0,0,0,0,1
023,2022023000463,247852921,1,1 AVE&&E 105 ST,E 105 ST,1 AVE,2,1,0,2,1,0,1,0,0,0,0,0,0,0,1,0
023,2022023000464,247883711,1,1 AVE&&E 111 ST,E 111 ST,1 AVE,2,1,0,2,1,0,1,0,0,0,0,0,0,0,1,0
023,2022023000458,247953180,1,1 AVE&&E 112 ST,E 112 ST,1 AVE,2,0,0,2,0,0,0,0,0,0,0,0,0,0,0,0
023,2022023000498,248550435,2,1 AVE&&E 112 ST,1 AVE,E 112 ST,1,1,0,1,1,0,0,0,0,0,0,0,1,0,1,0
023,2022023000497,248509483,1,1 AVE&&E 115 ST,1 AVE,E 115 ST,2,1,0,2,1,0,0,0,1,0,0,0,0,0,1,0
023,2022023000504,248682506,1,1 AVE&&E 96 ST,1 AVE,E 96 ST,2,0,0,2,0,0,0,0,0,0,0,0,0,0,0,1
023,2022023000485,248194591,1,1 AVE&&E 97 ST,E 97 ST,1 AVE,2,0,0,2,0,0,0,0,0,0,0,0,0,0,0,0
023,2022023000509,249109567,1,2 AVE&&E 97 ST,E 97 ST,2 AVE,2,0,0,2,0,0,0,0,0,0,0,0,0,0,0,0
023,2022023000456,247808436,1,2 AVE&&E 99 ST,E 99 ST,2 AVE,2,0,0,2,0,0,0,0,0,0,0,0,0,0,0,0
023,2022023000465,247883712,2,2 AVE&&E 99 ST,E 99 ST,2 AVE,2,1,0,2,1,0,0,0,0,0,1,0,0,0,1,1
023,2022023000492,248313871,3,2 AVE&&E 99 ST,E 99 ST,2 AVE,2,0,0,2,0,0,0,0,0,0,0,0,0,0,0,0
023,2022023000480,248135499,1,3 AVE&&E 106 ST,3 AVE,E 106 ST,2,0,0,2,0,0,0,0,0,0,0,0,0,0,0,0
023,2022023000502,248656602,1,3 AVE&&E 99 ST,E 99 ST,3 AVE,2,1,0,2,1,0,0,0,0,0,1,0,0,0,1,1
023,2022023000507,248734717,1,5 AVE&&E 111 ST,E 111 ST,5 AVE,2,1,0,2,1,0,0,0,0,0,1,0,0,0,1,1
023,2022023000457,247774195,1,E 103 ST&&LEXINGTON AVE,LEXINGTON AVE,E 103 ST,2,0,0,2,0,0,0,0,0,0,0,0,0,0,0,0
023,2022023000467,247953182,1,E 104 ST&&LEXINGTON AVE,LEXINGTON AVE,E 104 ST,2,0,0,2,0,0,0,0,0,0,0,0,0,0,0,0
023,2022023000487,248267644,1,E 105 ST&&LEXINGTON AVE,E 105 ST,LEXINGTON AVE,2,0,0,2,0,0,0,0,0,0,0,0,0,0,0,0
023,2022023000448,247451906,1,E 106 ST&&FRANKLIN D ROOSEVELT DR,FRANKLIN D ROOSEVELT DR,E 106 ST,2,3,0,2,3,0,1,0,2,0,0,0,0,0,1,0
023,2022023000489,248269824,1,E 106 ST&&LEXINGTON AVE,LEXINGTON AVE,E 106 ST,1,1,0,1,1,0,0,0,0,0,0,0,1,0,1,0
023,2022023000470,248682505,1,E 106 ST&&PARK AVE,E 106 ST,PARK AVE,2,1,0,2,1,0,0,0,0,0,1,0,0,0,1,1
023,2022023000496,248384490,1,E 108 ST&&MADISON AVE,E 108 ST,MADISON AVE,2,0,0,2,0,0,0,0,0,0,0,0,0,0,0,1
023,2022023000491,248339226,1,E 108 ST&&PARK AVE,E 108 ST,PARK AVE,2,0,0,2,0,0,0,0,0,0,0,0,0,0,0,0
023,2022023000472,248028702,1,E 110 ST&&LEXINGTON AVE,E 110 ST,LEXINGTON AVE,2,0,0,2,0,0,0,0,0,0,0,0,0,0,0,0
023,2022023000460,247774197,1,E 111 ST&&LEXINGTON AVE,E 111 ST,LEXINGTON AVE,2,2,0,2,2,0,0,0,2,0,0,0,0,0,1,0
023,2022023000469,248272277,2,E 111 ST&&LEXINGTON AVE,E 111 ST,LEXINGTON AVE,2,0,0,2,0,0,0,0,0,0,0,0,0,0,0,0
023,2022023000481,248136670,1,E 112 ST&&MADISON AVE,MADISON AVE,E 112 ST,1,1,0,1,1,0,0,0,1,0,0,0,0,0,1,0
023,2022023000477,248133008,1,E 96 ST&&MADISON AVE,E 96 ST,MADISON AVE,2,0,0,2,0,0,0,0,0,0,0,0,0,0,0,0
023,2022023000476,248272278,1,E 97 ST&&LEXINGTON AVE,LEXINGTON AVE,E 97 ST,1,1,0,1,1,0,0,0,0,0,0,0,1,0,1,0
023,2022023000461,247808437,1,E 99 ST&&FRANKLIN D ROOSEVELT DR,E 99 ST,FRANKLIN D ROOSEVELT DR,2,0,0,2,0,0,0,0,0,0,0,0,0,0,0,0
023,2022023000486,248651327,2,E 99 ST&&FRANKLIN D ROOSEVELT DR,E 99 ST,FRANKLIN D ROOSEVELT DR,2,0,0,2,0,0,0,0,0,0,0,0,0,0,0,0
023,2022023000495,248384489,1,E 99 ST&&LEXINGTON AVE,E 99 ST,LEXINGTON AVE,1,1,0,1,1,0,0,0,0,0,0,0,1,0,1,0
023,2022023000501,248755249,2,E 99 ST&&LEXINGTON AVE,E 99 ST,LEXINGTON AVE,2,0,0,2,0,0,0,0,0,0,0,0,0,0,0,1
023,2022023000503,248738746,1,EAST 97 STREET&&EAST 97 STREET AND 2 AVENUE,EAST 97 STREET,EAST 97 STREET AND 2 AVENUE,1,1,0,1,1,0,0,0,0,0,0,0,1,0,1,0
024,2022024000288,247837343,1,AMSTERDAM AVE&&W 94 ST,W 94 ST,AMSTERDAM AVE,2,0,0,2,0,0,0,0,0,0,0,0,0,0,0,0
024,2022024000280,247958969,1,AMSTERDAM AVE&&W 95 ST,AMSTERDAM AVE,W 95 ST,2,0,0,2,0,0,0,0,0,0,0,0,0,0,0,0
024,2022024000290,247958970,1,BROADWAY&&CATHEDRAL PKWY,BROADWAY,CATHEDRAL PKWY,2,0,0,2,0,0,0,0,0,0,0,0,0,0,0,0
024,2022024000303,248282830,1,BROADWAY&&W 101 ST,W 101 ST,BROADWAY,2,0,0,2,0,0,0,0,0,0,0,0,0,0,0,0
024,2022024000315,248484325,1,BROADWAY&&W 103 ST,BROADWAY,W 103 ST,2,0,0,2,0,0,0,0,0,0,0,0,0,0,0,0
024,2022024000282,247526948,1,BROADWAY&&W 107 ST,W 107 ST,BROADWAY,2,0,0,2,0,0,0,0,0,0,0,0,0,0,0,0
024,2022024000323,248737366,1,BROADWAY&&W 95 ST,BROADWAY,W 95 ST,2,0,0,2,0,0,0,0,0,0,0,0,0,0,0,0
024,2022024000318,248492246,1,BROADWAY&&W 96 ST,W 96 ST,BROADWAY,2,0,0,2,0,0,0,0,0,0,0,0,0,0,0,0
024,2022024000283,247526949,1,BROADWAY&&W 98 ST,BROADWAY,W 98 ST,2,0,0,2,0,0,0,0,0,0,0,0,0,0,0,0
024,2022024000327,249113445,1,CENTRAL PARK W&&W 108 ST,W 108 ST,CENTRAL PARK W,2,0,0,2,0,0,0,0,0,0,0,0,0,0,0,1
024,2022024000309,248282835,1,CENTRAL PARK W&&W 86 ST,CENTRAL PARK W,W 86 ST,2,1,0,2,1,0,0,0,0,0,1,0,0,0,1,1
024,2022024000285,247805593,1,CENTRAL PARK W&&W 96 ST,W 96 ST,CENTRAL PARK W,2,1,0,2,1,0,0,0,1,0,0,0,0,0,1,0
024,2022024000284,248282829,2,CENTRAL PARK W&&W 96 ST,W 96 ST,CENTRAL PARK W,2,1,0,2,1,0,0,0,1,0,0,0,0,0,1,0
024,2022024000294,247837347,1,CENTRAL PARK W&&W 97 ST,CENTRAL PARK W,W 97 ST,2,2,0,2,2,0,0,0,2,0,0,0,0,0,1,0
024,2022024000302,248158262,1,COLUMBUS AVE&&W 100 ST,W 100 ST,COLUMBUS AVE,2,1,0,2,1,0,0,0,0,0,1,0,0,0,1,1
024,2022024000296,248005456,1,COLUMBUS AVE&&W 106 ST,W 106 ST,COLUMBUS AVE,2,0,0,2,0,0,0,0,0,0,0,0,0,0,0,0
024,2022024000328,249086006,1,COLUMBUS AVE&&W 109 ST,W 109 ST,COLUMBUS AVE,2,1,0,2,1,0,0,0,0,0,1,0,0,0,1,1
024,2022024000322,248737365,1,COLUMBUS AVE&&W 90 ST,W 90 ST,COLUMBUS AVE,2,0,0,2,0,0,0,0,0,0,0,0,0,0,0,0
024,2022024000297,248158257,1,COLUMBUS AVE&&W 93 ST,W 93 ST,COLUMBUS AVE,2,0,0,2,0,0,0,0,0,0,0,0,0,0,0,0
024,2022024000308,248282834,1,COLUMBUS AVE&&W 96 ST,W 96 ST,COLUMBUS AVE,2,1,0,2,1,0,1,0,0,0,0,0,0,0,1,0
024,2022024000295,247958971,1,HENRY HUDSON PARKWAY&&WEST 108 STREET,HENRY HUDSON PARKWAY,WEST 108 STREET,2,0,0,2,0,0,0,0,0,0,0,0,0,0,0,0
024,2022024000301,248158261,1,HENRY HUDSON PARKWAY&&WEST 95 STREET,WEST 95 STREET,HENRY HUDSON PARKWAY,2,0,0,2,0,0,0,0,0,0,0,0,0,0,0,0
024,2022024000324,248737367,2,HENRY HUDSON PARKWAY&&WEST 95 STREET,HENRY HUDSON PARKWAY,WEST 95 STREET,2,0,0,2,0,0,0,0,0,0,0,0,0,0,0,0
024,2022024000299,248158259,1,MANHATTAN AVE&&W 100 ST,W 100 ST,MANHATTAN AVE,3,0,0,3,0,0,0,0,0,0,0,0,0,0,0,0
024,2022024000311,248484322,2,MANHATTAN AVE&&W 100 ST,W 100 ST,MANHATTAN AVE,2,1,0,2,1,0,0,0,1,0,0,0,0,0,1,0
024,2022024000316,248471994,1,MANHATTAN AVE&&W 108 ST,MANHATTAN AVE,W 108 ST,2,1,0,2,1,0,1,0,0,0,0,0,0,0,1,0
024,2022024000317,248484326,2,MANHATTAN AVE&&W 108 ST,W 108 ST,MANHATTAN AVE,2,0,0,2,0,0,0,0,0,0,0,0,0,0,0,0
024,2022024000305,248282831,1,RIVERSIDE DR&&W 105 ST,W 105 ST,RIVERSIDE DR,2,0,0,2,0,0,0,0,0,0,0,0,0,0,0,0
024,2022024000300,248158260,1,RIVERSIDE DR&&W 87 ST,RIVERSIDE DR,W 87 ST,3,0,0,3,0,0,0,0,0,0,0,0,0,0,0,0
024,2022024000304,248158263,1,RIVERSIDE DR&&W 88 ST,W 88 ST,RIVERSIDE DR,2,0,0,2,0,0,0,0,0,0,0,0,0,0,0,0
024,2022024000289,247805595,1,RIVERSIDE DR&&W 95 ST,W 95 ST,RIVERSIDE DR,2,0,0,2,0,0,0,0,0,0,0,0,0,0,0,0
024,2022024000293,247837346,1,W 102 ST&&W END AVE,W 102 ST,W END AVE,2,0,0,2,0,0,0,0,0,0,0,0,0,0,0,0
024,2022024000286,247805594,1,W 93 ST&&W END AVE,W 93 ST,W END AVE,3,0,0,3,0,0,0,0,0,0,0,0,0,0,0,0
024,2022024000307,248282833,2,W 93 ST&&W END AVE,W END AVE,W 93 ST,2,1,0,2,1,0,0,0,0,0,1,0,0,0,1,1
025,2022025000767,248864581,1,1 AVE&&E 115 ST,E 115 ST,1 AVE,1,1,0,1,1,0,0,0,0,0,0,0,1,0,1,0
025,2022025000732,248509485,1,1 AVE&&E 118 ST,E 118 ST,1 AVE,2,3,0,2,3,0,2,0,1,0,0,0,0,0,1,0
025,2022025000730,248329017,1,1 AVE&&E 119 ST,1 AVE,E 119 ST,2,0,0,2,0,0,0,0,0,0,0,0,0,0,0,0
025,2022025000667,247454188,1,1 AVE&&E 125 ST,E 125 ST,1 AVE,2,1,0,2,1,0,1,0,0,0,0,0,0,0,1,0
025,2022025000693,247852924,2,1 AVE&&E 125 ST,1 AVE,E 125 ST,2,3,0,2,3,0,2,0,1,0,0,0,0,0,1,0
025,2022025000737,248509488,3,1 AVE&&E 125 ST,1 AVE,E 125 ST,2,1,0,2,1,0,1,0,0,0,0,0,0,0,1,0
025,2022025000674,247548198,1,2 AVE&&E 116 ST,E 116 ST,2 AVE,2,1,0,2,1,0,0,0,0,0,1,0,0,0,1,1
025,2022025000729,248227686,2,2 AVE&&E 116 ST,E 116 ST,2 AVE,2,0,0,2,0,0,0,0,0,0,0,0,0,0,0,0
025,2022025000778,248868496,1,2 AVE&&E 117 ST,E 117 ST,2 AVE,2,0,0,2,0,0,0,0,0,0,0,0,0,0,0,0
025,2022025000706,247958973,1,2 AVE&&E 119 ST,2 AVE,E 119 ST,2,2,0,2,2,0,1,0,1,0,0,0,0,0,1,0
025,2022025000703,247955853,1,2 AVE&&E 122 ST,E 122 ST,2 AVE,2,0,0,2,0,0,0,0,0,0,0,0,0,0,0,0
025,2022025000685,247749415,1,2 AVE&&E 125 ST,E 125 ST,2 AVE,2,3,0,2,3,0,1,0,2,0,0,0,0,0,1,0
025,2022025000731,248329018,2,2 AVE&&E 125 ST,E 125 ST,2 AVE,1,1,0,1,1,0,0,0,0,0,0,0,1,0,1,0
025,2022025000736,248509487,1,2 AVE&&E 126 ST,2 AVE,E 126 ST,2,0,0,2,0,0,0,0,0,0,0,0,0,0,0,0
025,2022025000753,248509503,1,2 AVE&&E 127 ST,E 127 ST,2 AVE,2,0,0,2,0,0,0,0,0,0,0,0,0,0,0,0
025,2022025000698,247838948,1,3 AVE&&E 116 ST,E 116 ST,3 AVE,2,0,0,2,0,0,0,0,0,0,0,0,0,0,0,0
025,2022025000700,247885074,2,3 AVE&&E 116 ST,3 AVE,E 116 ST,1,1,0,1,1,0,0,0,0,0,0,0,1,0,1,0
025,2022025000699,247887347,3,3 AVE&&E 116 ST,E 116 ST,3 AVE,3,5,0,3,5,0,1,0,4,0,0,0,0,0,1,0
025,2022025000702,247955852,4,3 AVE&&E 116 ST,3 AVE,E 116 ST,2,0,0,2,0,0,0,0,0,0,0,0,0,0,0,0
025,2022025000712,248177955,1,3 AVE&&E 122 ST,E 122 ST,3 AVE,2,1,0,2,1,0,0,0,1,0,0,0,0,0,1,0
025,2022025000735,248509486,2,3 AVE&&E 122 ST,E 122 ST,3 AVE,2,0,0,2,0,0,0,0,0,0,0,0,0,0,0,0
025,2022025000723,248177965,1,5 AVE&&E 117 ST,E 117 ST,5 AVE,2,2,0,2,2,0,1,0,1,0,0,0,0,0,1,0
025,2022025000692,247852923,1,5 AVE&&E 119 ST,E 119 ST,5 AVE,2,2,0,2,2,0,1,0,1,0,0,0,0,0,1,0
025,2022025000774,248868493,1,5 AVE&&E 135 ST,E 135 ST,5 AVE,2,1,0,2,1,0,1,0,0,0,0,0,0,0,1,0
025,2022025000741,248509492,1,E 116 ST&&LEXINGTON AVE,E 116 ST,LEXINGTON AVE,2,0,0,2,0,0,0,0,0,0,0,0,0,0,0,0
025,2022025000718,248158264,1,E 116 ST&&MADISON AVE,E 116 ST,MADISON AVE,2,0,0,2,0,0,0,0,0,0,0,0,0,0,0,0
025,2022025000754,248509504,2,E 116 ST&&MADISON AVE,E 116 ST,MADISON AVE,2,0,0,2,0,0,0,0,0,0,0,0,0,0,0,0
025,2022025000664,247507427,1,E 116 ST&&PARK AVE,E 116 ST,PARK AVE,1,0,0,1,0,0,0,0,0,0,0,0,0,0,0,0
025,2022025000670,247852922,2,E 116 ST&&PARK AVE,E 116 ST,PARK AVE,2,1,0,2,1,0,0,0,0,0,1,0,0,0,1,1
025,2022025000765,248864579,1,E 119 ST&&LEXINGTON AVE,LEXINGTON AVE,E 119 ST,2,0,0,2,0,0,0,0,0,0,0,0,0,0,0,0
025,2022025000666,247507429,1,E 119 ST&&MADISON AVE,MADISON AVE,E 119 ST,2,1,0,2,1,0,0,0,1,0,0,0,0,0,1,0
025,2022025000763,248738749,2,E 119 ST&&MADISON AVE,E 119 ST,MADISON AVE,2,1,0,2,1,0,0,0,0,0,1,0,0,0,1,1
025,2022025000749,248509499,1,E 120 ST&&LEXINGTON AVE,E 120 ST,LEXINGTON AVE,2,1,0,2,1,0,0,0,1,0,0,0,0,0,1,0
025,2022025000707,247958974,1,E 120 ST&&PARK AVE,E 120 ST,PARK AVE,2,2,0,2,2,0,2,0,0,0,0,0,0,0,1,0
025,2022025000771,248864585,2,E 120 ST&&PARK AVE,E 120 ST,PARK AVE,2,1,0,2,1,0,0,0,0,0,1,0,0,0,1,1
025,2022025000725,248177967,1,E 122 ST&&MADISON AVE,E 122 ST,MADISON AVE,2,0,0,2,0,0,0,0,0,0,0,0,0,0,0,0
025,2022025000761,248738748,1,E 122 ST&&PARK AVE,E 122 ST,PARK AVE,2,0,0,2,0,0,0,0,0,0,0,0,0,0,0,0
025,2022025000742,248679318,1,E 124 ST&&LEXINGTON AVE,E 124 ST,LEXINGTON AVE,2,1,0,2,1,0,1,0,0,0,0,0,0,0,1,0
025,2022025000719,248177961,1,E 125 ST&&LEXINGTON AVE,E 125 ST,LEXINGTON AVE,2,0,0,2,0,0,0,0,0,0,0,0,0,0,0,0
025,2022025000738,248509489,2,E 125 ST&&LEXINGTON AVE,E 125 ST,LEXINGTON AVE,2,0,0,2,0,0,0,0,0,0,0,0,0,0,0,0
025,2022025000714,248177957,1,E 125 ST&&MADISON AVE,MADISON AVE,E 125 ST,2,0,0,2,0,0,0,0,0,0,0,0,0,0,0,0
025,2022025000680,247605192,1,E 126 ST&&LEXINGTON AVE,LEXINGTON AVE,E 126 ST,2,0,0,2,0,0,0,0,0,0,0,0,0,0,0,0
025,2022025000721,248177963,2,E 126 ST&&LEXINGTON AVE,E 126 ST,LEXINGTON AVE,2,0,0,2,0,0,0,0,0,0,0,0,0,0,0,0
025,2022025000711,248065537,1,E 127 ST&&MADISON AVE,MADISON AVE,E 127 ST,2,1,0,2,1,0,1,0,0,0,0,0,0,0,1,0
025,2022025000694,247852925,1,E 129 ST&&LEXINGTON AVE,E 129 ST,LEXINGTON AVE,2,0,0,2,0,0,0,0,0,0,0,0,0,0,0,0
025,2022025000728,248210903,1,E 129 ST&&MADISON AVE,MADISON AVE,E 129 ST,2,0,0,2,0,0,0,0,0,0,0,0,0,0,0,0
025,2022025000701,247885075,1,E 130 ST&&PARK AVE,E 130 ST,PARK AVE,2,1,0,2,1,0,0,0,0,0,1,0,0,0,1,1
025,2022025000772,248864586,2,E 130 ST&&PARK AVE,PARK AVE,E 130 ST,3,3,0,3,3,0,1,0,2,0,0,0,0,0,1,0
025,2022025000747,248509497,1,E 131 ST&&MADISON AVE,E 131 ST,MADISON AVE,3,0,0,3,0,0,0,0,0,0,0,0,0,0,0,0
025,2022025000669,247507431,1,E 131 ST&&PARK AVE,E 131 ST,PARK AVE,2,0,0,2,0,0,0,0,0,0,0,0,0,0,0,0
025,2022025000675,247605189,1,E 132 ST&&PARK AVE,PARK AVE,E 132 ST,2,3,0,2,3,0,1,0,2,0,0,0,0,0,1,0
025,2022025000668,247507430,1,E 135 ST&&MADISON AVE,E 135 ST,MADISON AVE,2,0,0,2,0,0,0,0,0,0,0,0,0,0,0,0
025,2022025000743,248509493,2,E 135 ST&&MADISON AVE,E 135 ST,MADISON AVE,2,0,0,2,0,0,0,0,0,0,0,0,0,0,0,0
025,2022025000687,247749417,1,EAST 115 STREET&&FDR DRIVE,FDR DRIVE,EAST 115 STREET,4,1,0,4,1,0,1,0,0,0,0,0,0,0,1,0
025,2022025000722,248177964,1,EAST 116 STREET&&FDR DRIVE,EAST 116 STREET,FDR DRIVE,2,0,0,2,0,0,0,0,0,0,0,0,0,0,0,0
025,2022025000758,248864578,1,EAST 122 STREET&&FDR DRIVE,FDR DRIVE,EAST 122 STREET,3,1,0,3,1,0,1,0,0,0,0,0,0,0,1,0
025,2022025000777,249086009,1,EAST 142 STREET&&MADISON AVENUE,EAST 142 STREET,MADISON AVENUE,2,0,0,2,0,0,0,0,0,0,0,0,0,0,0,0
026,2022026000276,248822628,1,12 AVE&&W 125 ST,W 125 ST,12 AVE,2,0,0,2,0,0,0,0,0,0,0,0,0,0,0,0
026,2022026000286,248838218,2,12 AVE&&W 125 ST,W 125 ST,12 AVE,2,0,0,2,0,0,0,0,0,0,0,0,0,0,0,0
026,2022026000291,248937585,1,12 AVE&&W 132 ST,W 132 ST,12 AVE,2,0,0,2,0,0,0,0,0,0,0,0,0,0,0,0
026,2022026000287,248822629,1,AMSTERDAM AVE&&CATHEDRAL PKWY,CATHEDRAL PKWY,AMSTERDAM AVE,2,1,0,2,1,0,0,0,0,0,1,0,0,0,1,1
026,2022026000284,248880385,1,AMSTERDAM AVE&&W 113 ST,AMSTERDAM AVE,W 113 ST,2,1,0,2,1,0,0,0,0,0,1,0,0,0,1,1
026,2022026000265,248368494,1,AMSTERDAM AVE&&W 120 ST,AMSTERDAM AVE,W 120 ST,2,0,0,2,0,0,0,0,0,0,0,0,0,0,0,0
026,2022026000281,248616686,1,AMSTERDAM AVE&&W 125 ST,W 125 ST,AMSTERDAM AVE,2,0,0,2,0,0,0,0,0,0,0,0,0,0,0,0
026,2022026000267,248630085,1,AMSTERDAM AVE&&W 126 ST,AMSTERDAM AVE,W 126 ST,2,0,0,2,0,0,0,0,0,0,0,0,0,0,0,0
026,2022026000259,248124510,1,AMSTERDAM AVE&&W 128 ST,AMSTERDAM AVE,W 128 ST,2,2,0,2,2,0,1,0,1,0,0,0,0,0,1,0
026,2022026000240,247506123,1,AMSTERDAM AVE&&W 133 ST,W 133 ST,AMSTERDAM AVE,2,1,0,2,1,0,1,0,0,0,0,0,0,0,1,0
026,2022026000274,248453284,2,AMSTERDAM AVE&&W 133 ST,AMSTERDAM AVE,W 133 ST,2,0,0,2,0,0,0,0,0,0,0,0,0,0,0,0
026,2022026000290,248838219,1,AMSTERDAM AVE&&W 134 ST,AMSTERDAM AVE,W 134 ST,2,0,0,2,0,0,0,0,0,0,0,0,0,0,0,0
026,2022026000249,247831973,1,AMSTERDAM AVE&&W 135 ST,AMSTERDAM AVE,W 135 ST,3,1,0,3,1,0,1,0,0,0,0,0,0,0,1,0
026,2022026000256,248198091,1,AMSTERDAM AVE&&W 136 ST,AMSTERDAM AVE,W 136 ST,2,0,0,2,0,0,0,0,0,0,0,0,0,0,0,1
026,2022026000253,248050345,1,BROADWAY&&W 113 ST,BROADWAY,W 113 ST,2,0,0,2,0,0,0,0,0,0,0,0,0,0,0,0
026,2022026000257,248104658,1,BROADWAY&&W 116 ST,W 116 ST,BROADWAY,1,0,0,1,0,0,0,0,0,0,0,0,0,0,0,0
026,2022026000260,248368493,1,BROADWAY&&W 125 ST,W 125 ST,BROADWAY,2,0,0,2,0,0,0,0,0,0,0,0,0,0,0,0
026,2022026000268,248838217,1,BROADWAY&&W 126 ST,W 126 ST,BROADWAY,2,2,0,2,2,0,1,0,1,0,0,0,0,0,1,0
026,2022026000275,248616684,1,BROADWAY&&W 129 ST,BROADWAY,W 129 ST,2,2,0,2,2,0,0,0,2,0,0,0,0,0,1,0
026,2022026000252,247943905,1,BROADWAY&&W 131 ST,BROADWAY,W 131 ST,2,4,0,2,4,0,1,0,3,0,0,0,0,0,1,0
026,2022026000263,248453281,2,BROADWAY&&W 131 ST,W 131 ST,BROADWAY,2,1,0,2,1,0,1,0,0,0,0,0,0,0,1,0
026,2022026000273,248453134,1,CATHEDRAL PKWY&&MANHATTAN AVE,CATHEDRAL PKWY,MANHATTAN AVE,2,3,0,2,3,0,1,0,2,0,0,0,0,0,1,0
026,2022026000255,248746331,1,CATHEDRAL PKWY&&MORNINGSIDE DR,CATHEDRAL PKWY,MORNINGSIDE DR,2,0,0,2,0,0,0,0,0,0,0,0,0,0,0,0
026,2022026000285,248746333,1,CONVENT AVE&&W 127 ST,CONVENT AVE,W 127 ST,2,0,0,2,0,0,0,0,0,0,0,0,0,0,0,0
026,2022026000239,247485886,1,MARGINAL ST&&W 133 ST,MARGINAL ST,W 133 ST,2,0,0,2,0,0,0,0,0,0,0,0,0,0,0,0
026,2022026000258,248616682,1,MORNINGSIDE AVE&&W 123 ST,W 123 ST,MORNINGSIDE AVE,2,1,0,2,1,0,1,0,0,0,0,0,0,0,1,0
026,2022026000283,248746332,1,RIVERSIDE DR&&W 113 ST,RIVERSIDE DR,W 113 ST,2,0,0,2,0,0,0,0,0,0,0,0,0,0,0,0
026,2022026000242,247591046,1,RIVERSIDE DR&&W 122 ST,W 122 ST,RIVERSIDE DR,1,1,0,1,1,0,1,0,0,0,0,0,0,0,1,0
026,2022026000250,247901233,2,RIVERSIDE DR&&W 122 ST,W 122 ST,RIVERSIDE DR,2,0,0,2,0,0,0,0,0,0,0,0,0,0,0,0
026,2022026000279,248616685,1,ST NICHOLAS AVE&&W 125 ST,ST NICHOLAS AVE,W 125 ST,2,0,0,2,0,0,0,0,0,0,0,0,0,0,0,0
026,2022026000264,248836916,1,WEST 133 STREET&&WEST SIDE HIGHWAY,WEST 133 STREET,WEST SIDE HIGHWAY,2,1,0,2,1,0,0,0,1,0,0,0,0,0,1,0
028,2022028000336,248548133,1,5 AVE&&W 125 ST,W 125 ST,5 AVE,2,1,0,2,1,0,0,0,1,0,0,0,0,0,1,0
028,2022028000351,248738753,1,5 AVE&&W 127 ST,W 127 ST,5 AVE,2,0,0,2,0,0,0,0,0,0,0,0,0,0,0,0
028,2022028000318,247746978,1,ADAM CLAYTON POWELL JR BLVD&&W 116 ST,W 116 ST,ADAM CLAYTON POWELL JR BLVD,2,0,0,2,0,0,0,0,0,0,0,0,0,0,0,0
028,2022028000313,248073677,2,ADAM CLAYTON POWELL JR BLVD&&W 116 ST,W 116 ST,ADAM CLAYTON POWELL JR BLVD,2,0,0,2,0,0,0,0,0,0,0,0,0,0,0,0
028,2022028000319,248010060,1,ADAM CLAYTON POWELL JR BLVD&&W 117 ST,ADAM CLAYTON POWELL JR BLVD,W 117 ST,2,2,0,2,2,0,0,0,2,0,0,0,0,0,1,0
028,2022028000359,248864594,2,ADAM CLAYTON POWELL JR BLVD&&W 117 ST,ADAM CLAYTON POWELL JR BLVD,W 117 ST,2,0,0,2,0,0,0,0,0,0,0,0,0,0,0,0
028,2022028000328,248216335,1,ADAM CLAYTON POWELL JR BLVD&&W 122 ST,W 122 ST,ADAM CLAYTON POWELL JR BLVD,1,1,0,1,1,0,0,0,0,0,0,0,1,0,1,0
028,2022028000350,248738752,1,ADAM CLAYTON POWELL JR BLVD&&W 124 ST,W 124 ST,ADAM CLAYTON POWELL JR BLVD,2,0,0,2,0,0,0,0,0,0,0,0,0,0,0,0
028,2022028000347,248626055,1,CATHEDRAL PKWY&&MANHATTAN AVE,MANHATTAN AVE,CATHEDRAL PKWY,2,1,0,2,1,0,0,0,0,0,1,0,0,0,1,1
028,2022028000333,248388271,1,CENTRAL PARK WEST&&WEST 110 STREET,WEST 110 STREET,CENTRAL PARK WEST,2,1,0,2,1,0,0,0,0,0,1,0,0,0,1,1
028,2022028000330,248177973,1,FREDERICK DOUGLASS BLVD&&W 116 ST,FREDERICK DOUGLASS BLVD,W 116 ST,1,1,1,1,1,1,0,1,0,0,0,0,1,0,1,0
028,2022028000306,248213641,1,FREDERICK DOUGLASS BLVD&&W 121 ST,W 121 ST,FREDERICK DOUGLASS BLVD,2,0,0,2,0,0,0,0,0,0,0,0,0,0,0,1
028,2022028000331,248216336,1,FREDERICK DOUGLASS BLVD&&W 123 ST,FREDERICK DOUGLASS BLVD,W 123 ST,2,0,0,2,0,0,0,0,0,0,0,0,0,0,0,0
028,2022028000332,248269825,2,FREDERICK DOUGLASS BLVD&&W 123 ST,W 123 ST,FREDERICK DOUGLASS BLVD,2,1,0,2,1,0,0,0,1,0,0,0,0,0,1,0
028,2022028000315,248280114,1,FREDERICK DOUGLASS BLVD&&W 127 ST,W 127 ST,FREDERICK DOUGLASS BLVD,3,3,0,3,3,0,1,0,2,0,0,0,0,0,1,0
028,2022028000358,248864593,1,LENOX AVE&&W 116 ST,W 116 ST,LENOX AVE,2,1,0,2,1,0,0,0,0,0,1,0,0,0,1,1
028,2022028000353,248864590,1,LENOX AVE&&W 118 ST,LENOX AVE,W 118 ST,3,1,0,3,1,0,1,0,0,0,0,0,0,0,1,0
028,2022028000337,248548134,1,LENOX AVE&&W 119 ST,LENOX AVE,W 119 ST,3,0,0,3,0,0,0,0,0,0,0,0,0,0,0,0
028,2022028000322,248216334,1,LENOX AVE&&W 122 ST,W 122 ST,LENOX AVE,1,1,0,1,1,0,0,0,0,0,0,0,1,0,1,0
028,2022028000310,248216333,1,LENOX AVE&&W 124 ST,W 124 ST,LENOX AVE,1,1,0,1,1,0,0,0,0,0,0,0,1,0,1,0
028,2022028000339,248808014,2,LENOX AVE&&W 124 ST,W 124 ST,LENOX AVE,2,1,0,2,1,0,0,0,0,0,1,0,0,0,1,1
028,2022028000335,248509507,1,LENOX AVE&&W 125 ST,W 125 ST,LENOX AVE,2,2,0,2,2,0,2,0,0,0,0,0,0,0,1,0
028,2022028000356,248777081,2,LENOX AVE&&W 125 ST,W 125 ST,LENOX AVE,1,1,0,1,1,0,0,0,0,0,0,0,1,0,1,0
028,2022028000341,248548136,1,LENOX AVE&&W 126 ST,W 126 ST,LENOX AVE,3,1,0,3,1,0,0,0,1,0,0,0,0,0,1,0
028,2022028000309,248216332,1,MANHATTAN AVE&&W 116 ST,W 116 ST,MANHATTAN AVE,2,1,0,2,1,0,0,0,1,0,0,0,0,0,1,0
028,2022028000354,248864591,1,MORNINGSIDE AVE&&W 117 ST,W 117 ST,MORNINGSIDE AVE,2,0,0,2,0,0,0,0,0,0,0,0,0,0,0,0
028,2022028000308,247738823,1,MORNINGSIDE AVE&&W 119 ST,W 119 ST,MORNINGSIDE AVE,2,0,0,2,0,0,0,0,0,0,0,0,0,0,0,0
028,2022028000352,248746334,1,MOUNT MORRIS PARK W&&W 121 ST,W 121 ST,MOUNT MORRIS PARK W,2,0,0,2,0,0,0,0,0,0,0,0,0,0,0,0
028,2022028000324,248161895,1,ST NICHOLAS AVE&&W 124 ST,ST NICHOLAS AVE,W 124 ST,2,1,0,2,1,0,0,0,0,0,1,0,0,0,1,1
028,2022028000326,248396409,1,ST NICHOLAS AVE&&W 125 ST,W 125 ST,ST NICHOLAS AVE,1,1,0,1,1,0,0,0,0,0,0,0,1,0,1,0
028,2022028000343,248626053,1,ST NICHOLAS AVE&&W 126 ST,W 126 ST,ST NICHOLAS AVE,2,1,0,2,1,0,1,0,0,0,0,0,0,0,1,0
030,2022030000352,248545252,1,12 AVE&&W 133 ST,12 AVE,W 133 ST,2,0,0,2,0,0,0,0,0,0,0,0,0,0,0,0
030,2022030000320,247734861,1,12 AVE&&W 138 ST,W 138 ST,12 AVE,2,0,0,2,0,0,0,0,0,0,0,0,0,0,0,0
030,2022030000312,248067118,2,12 AVE&&W 138 ST,12 AVE,W 138 ST,2,0,0,2,0,0,0,0,0,0,0,0,0,0,0,0
030,2022030000307,247669960,1,AMSTERDAM AVE&&W 141 ST,W 141 ST,AMSTERDAM AVE,2,2,0,2,2,0,0,0,0,0,2,0,0,0,1,1
030,2022030000332,248067120,1,AMSTERDAM AVE&&W 143 ST,AMSTERDAM AVE,W 143 ST,2,2,0,2,2,0,1,0,1,0,0,0,0,0,1,0
030,2022030000318,247602204,1,AMSTERDAM AVE&&W 145 ST,W 145 ST,AMSTERDAM AVE,2,0,0,2,0,0,0,0,0,0,0,0,0,0,0,0
030,2022030000328,248067119,2,AMSTERDAM AVE&&W 145 ST,AMSTERDAM AVE,W 145 ST,2,0,0,2,0,0,0,0,0,0,0,0,0,0,0,0
030,2022030000348,248545249,3,AMSTERDAM AVE&&W 145 ST,AMSTERDAM AVE,W 145 ST,2,0,0,2,0,0,0,0,0,0,0,0,0,0,0,0
030,2022030000363,248785117,1,AMSTERDAM AVE&&W 146 ST,W 146 ST,AMSTERDAM AVE,2,0,0,2,0,0,0,0,0,0,0,0,0,0,0,0
030,2022030000315,247562496,1,AMSTERDAM AVE&&W 148 ST,W 148 ST,AMSTERDAM AVE,2,1,0,2,1,0,0,0,1,0,0,0,0,0,1,0
030,2022030000337,248136671,2,AMSTERDAM AVE&&W 148 ST,AMSTERDAM AVE,W 148 ST,2,1,0,2,1,0,1,0,0,0,0,0,0,0,1,0
030,2022030000316,247677910,1,AMSTERDAM AVE&&W 151 ST,W 151 ST,AMSTERDAM AVE,2,0,0,2,0,0,0,0,0,0,0,0,0,0,0,0
030,2022030000325,248103088,1,AMSTERDAM AVE&&W 152 ST,W 152 ST,AMSTERDAM AVE,1,1,0,1,1,0,0,0,0,0,0,0,1,0,1,0
030,2022030000322,248787029,1,BRADHURST AVE&&W 155 ST,BRADHURST AVE,W 155 ST,2,0,0,2,0,0,0,0,0,0,0,0,0,0,0,0
030,2022030000321,247734862,1,BROADWAY&&W 142 ST,BROADWAY,W 142 ST,2,0,0,2,0,0,0,0,0,0,0,0,0,0,0,1
030,2022030000305,247554351,1,BROADWAY&&W 144 ST,W 144 ST,BROADWAY,2,0,0,2,0,0,0,0,0,0,0,0,0,0,0,0
030,2022030000351,249024718,2,BROADWAY&&W 144 ST,W 144 ST,BROADWAY,1,2,0,1,2,0,0,0,0,0,0,0,2,0,1,0
030,2022030000323,247885076,1,BROADWAY&&W 145 ST,W 145 ST,BROADWAY,2,1,0,2,1,0,0,0,1,0,0,0,0,0,1,0
030,2022030000353,248780179,1,BROADWAY&&W 147 ST,W 147 ST,BROADWAY,7,0,0,7,0,0,0,0,0,0,0,0,0,0,0,0
030,2022030000354,248783368,1,BROADWAY&&W 152 ST,W 152 ST,BROADWAY,2,1,0,2,1,0,1,0,0,0,0,0,0,0,1,0
030,2022030000313,247562495,1,CONVENT AVE&&W 148 ST,CONVENT AVE,W 148 ST,2,0,0,2,0,0,0,0,0,0,0,0,0,0,0,0
030,2022030000349,248545250,1,EDGECOMBE AVE&&W 150 ST,W 150 ST,EDGECOMBE AVE,2,0,0,2,0,0,0,0,0,0,0,0,0,0,0,0
030,2022030000311,247562494,1,HAMILTON PL&&W 141 ST,HAMILTON PL,W 141 ST,2,0,0,2,0,0,0,0,0,0,0,0,0,0,0,0
030,2022030000335,248067121,1,HAMILTON PL&&W 142 ST,HAMILTON PL,W 142 ST,2,1,0,2,1,0,0,0,0,0,1,0,0,0,1,1
030,2022030000330,248004198,1,HENRY HUDSON PARKWAY&&WEST 155 STREET,WEST 155 STREET,HENRY HUDSON PARKWAY,2,2,0,2,2,0,0,0,0,0,2,0,0,0,1,2
030,2022030000326,249024716,1,RIVERSIDE DR&&W 142 ST,W 142 ST,RIVERSIDE DR,4,0,0,4,0,0,0,0,0,0,0,0,0,0,0,0
030,2022030000327,247964185,1,RIVERSIDE DR&&W 145 ST,RIVERSIDE DR,W 145 ST,2,0,0,2,0,0,0,0,0,0,0,0,0,0,0,0
030,2022030000358,248787031,2,RIVERSIDE DR&&W 145 ST,W 145 ST,RIVERSIDE DR,2,1,0,2,1,0,0,0,0,0,1,0,0,0,1,1
030,2022030000350,248545251,1,RIVERSIDE DR&&W 147 ST,RIVERSIDE DR,W 147 ST,3,0,0,3,0,0,0,0,0,0,0,0,0,0,0,0
030,2022030000362,248787032,1,RIVERSIDE DR&&W 149 ST,RIVERSIDE DR,W 149 ST,2,0,0,2,0,0,0,0,0,0,0,0,0,0,0,0
030,2022030000343,249024717,1,ST NICHOLAS AVE&&W 141 ST,ST NICHOLAS AVE,W 141 ST,2,1,0,2,1,0,0,0,0,0,1,0,0,0,1,1
030,2022030000344,248224747,1,ST NICHOLAS AVE&&W 145 ST,W 145 ST,ST NICHOLAS AVE,2,1,0,2,1,0,0,0,0,0,1,0,0,0,1,1
030,2022030000334,248282839,2,ST NICHOLAS AVE&&W 145 ST,ST NICHOLAS AVE,W 145 ST,2,0,0,2,0,0,0,0,0,0,0,0,0,0,0,0
030,2022030000360,248785116,3,ST NICHOLAS AVE&&W 145 ST,W 145 ST,ST NICHOLAS AVE,2,0,0,2,0,0,0,0,0,0,0,0,0,0,0,0
030,2022030000364,248785118,4,ST NICHOLAS AVE&&W 145 ST,ST NICHOLAS AVE,W 145 ST,2,0,0,2,0,0,0,0,0,0,0,0,0,0,0,0
030,2022030000317,247744424,1,ST NICHOLAS AVE&&W 149 ST,W 149 ST,ST NICHOLAS AVE,2,0,0,2,0,0,0,0,0,0,0,0,0,0,0,1
030,2022030000306,248218855,2,ST NICHOLAS AVE&&W 149 ST,W 149 ST,ST NICHOLAS AVE,3,0,0,3,0,0,0,0,0,0,0,0,0,0,0,0
030,2022030000339,248106780,1,ST NICHOLAS AVE&&W 153 ST,W 153 ST,ST NICHOLAS AVE,3,0,0,3,0,0,0,0,0,0,0,0,0,0,0,0
030,2022030000329,248004197,1,ST NICHOLAS AVE&&W 155 ST,ST NICHOLAS AVE,W 155 ST,1,1,0,1,1,0,0,0,0,0,0,0,1,0,1,0
030,2022030000310,247669961,1,ST NICHOLAS PL&&W 152 ST,W 152 ST,ST NICHOLAS PL,2,0,0,2,0,0,0,0,0,0,0,0,0,0,0,0
032,2022032000471,247516558,1,5 AVE&&W 131 ST,5 AVE,W 131 ST,2,1,0,2,1,0,0,0,0,0,1,0,0,0,1,1
032,2022032000500,248136677,1,5 AVE&&W 135 ST,5 AVE,W 135 ST,1,1,0,1,1,0,0,0,0,0,0,0,1,0,1,0
032,2022032000516,248327050,2,5 AVE&&W 135 ST,W 135 ST,5 AVE,6,5,0,6,5,0,4,0,1,0,0,0,0,0,1,0
032,2022032000501,248864596,3,5 AVE&&W 135 ST,5 AVE,W 135 ST,2,0,0,2,0,0,0,0,0,0,0,0,0,0,0,0
032,2022032000486,248136673,1,7 AVENUE&&MACOMBS PLACE,7 AVENUE,MACOMBS PLACE,2,0,0,2,0,0,0,0,0,0,0,0,0,0,0,0
032,2022032000523,248494915,1,8 AVENUE&&HARLEM RIVER DRIVE,8 AVENUE,HARLEM RIVER DRIVE,1,0,0,1,0,0,0,0,0,0,0,0,0,0,0,0
032,2022032000496,248005459,1,ADAM CLAYTON POWELL JR BLVD&&W 129 ST,W 129 ST,ADAM CLAYTON POWELL JR BLVD,2,1,0,2,1,0,0,0,1,0,0,0,0,0,1,0
032,2022032000469,247516556,1,ADAM CLAYTON POWELL JR BLVD&&W 134 ST,W 134 ST,ADAM CLAYTON POWELL JR BLVD,2,1,0,2,1,0,0,0,0,0,1,0,0,0,1,1
032,2022032000520,248494912,1,ADAM CLAYTON POWELL JR BLVD&&W 138 ST,W 138 ST,ADAM CLAYTON POWELL JR BLVD,2,0,0,2,0,0,0,0,0,0,0,0,0,0,0,0
032,2022032000533,248738760,1,ADAM CLAYTON POWELL JR BLVD&&W 139 ST,W 139 ST,ADAM CLAYTON POWELL JR BLVD,2,0,0,2,0,0,0,0,0,0,0,0,0,0,0,0
032,2022032000481,247838583,1,ADAM CLAYTON POWELL JR BLVD&&W 140 ST,W 140 ST,ADAM CLAYTON POWELL JR BLVD,2,0,0,2,0,0,0,0,0,0,0,0,0,0,0,0
032,2022032000468,247516555,1,ADAM CLAYTON POWELL JR BLVD&&W 146 ST,ADAM CLAYTON POWELL JR BLVD,W 146 ST,3,1,0,3,1,0,1,0,0,0,0,0,0,0,1,0
032,2022032000537,248738764,2,ADAM CLAYTON POWELL JR BLVD&&W 146 ST,W 146 ST,ADAM CLAYTON POWELL JR BLVD,4,3,0,4,3,0,2,0,1,0,0,0,0,0,1,0
032,2022032000489,247967334,1,ADAM CLAYTON POWELL JR BLVD&&W 147 ST,W 147 ST,ADAM CLAYTON POWELL JR BLVD,1,1,0,1,1,0,0,0,0,0,0,0,1,0,1,0
032,2022032000541,248986911,1,ADAM CLAYTON POWELL JR BLVD&&W 148 ST,W 148 ST,ADAM CLAYTON POWELL JR BLVD,8,0,0,8,0,0,0,0,0,0,0,0,0,0,0,0
032,2022032000535,248738762,1,ADAM CLAYTON POWELL JR BLVD&&W 150 ST,W 150 ST,ADAM CLAYTON POWELL JR BLVD,2,0,0,2,0,0,0,0,0,0,0,0,0,0,0,1
032,2022032000531,248738759,1,ADAM CLAYTON POWELL JR BLVD&&W 152 ST,ADAM CLAYTON POWELL JR BLVD,W 152 ST,2,1,0,2,1,0,1,0,0,0,0,0,0,0,1,0
032,2022032000518,248345267,1,BRADHURST AVE&&W 145 ST,BRADHURST AVE,W 145 ST,3,1,0,3,1,0,0,0,0,0,1,0,0,0,1,1
032,2022032000467,247516554,1,BRADHURST AVE&&W 150 ST,W 150 ST,BRADHURST AVE,3,0,0,3,0,0,0,0,0,0,0,0,0,0,0,0
032,2022032000517,248334284,1,EAST 155 STREET&&FDR DRIVE,FDR DRIVE,EAST 155 STREET,2,0,0,2,0,0,0,0,0,0,0,0,0,0,0,0
032,2022032000521,248494913,1,EDGECOMBE AVE&&W 140 ST,W 140 ST,EDGECOMBE AVE,2,1,0,2,1,0,0,0,1,0,0,0,0,0,1,0
032,2022032000507,248290620,1,ESPLANADE GARDENS PLZ&&W 146 ST,W 146 ST,ESPLANADE GARDENS PLZ,2,0,0,2,0,0,0,0,0,0,0,0,0,0,0,0
032,2022032000484,248327049,1,FREDERICK DOUGLASS BLVD&&W 135 ST,W 135 ST,FREDERICK DOUGLASS BLVD,2,0,0,2,0,0,0,0,0,0,0,0,0,0,0,0
032,2022032000477,247677913,1,FREDERICK DOUGLASS BLVD&&W 137 ST,FREDERICK DOUGLASS BLVD,W 137 ST,2,0,0,2,0,0,0,0,0,0,0,0,0,0,0,0
032,2022032000509,248290622,1,FREDERICK DOUGLASS BLVD&&W 138 ST,FREDERICK DOUGLASS BLVD,W 138 ST,2,1,0,2,1,0,0,0,0,0,1,0,0,0,1,1
032,2022032000510,248290623,1,FREDERICK DOUGLASS BLVD&&W 141 ST,FREDERICK DOUGLASS BLVD,W 141 ST,2,1,0,2,1,0,1,0,0,0,0,0,0,0,1,0
032,2022032000512,248290624,1,FREDERICK DOUGLASS BLVD&&W 145 ST,W 145 ST,FREDERICK DOUGLASS BLVD,2,1,0,2,1,0,0,0,1,0,0,0,0,0,1,0
032,2022032000527,248493860,2,FREDERICK DOUGLASS BLVD&&W 145 ST,W 145 ST,FREDERICK DOUGLASS BLVD,1,1,0,1,1,0,0,0,0,0,0,0,1,0,1,0
032,2022032000482,247744425,1,FREDERICK DOUGLASS BLVD&&W 149 ST,FREDERICK DOUGLASS BLVD,W 149 ST,2,0,0,2,0,0,0,0,0,0,0,0,0,0,0,1
032,2022032000536,248738763,2,FREDERICK DOUGLASS BLVD&&W 149 ST,FREDERICK DOUGLASS BLVD,W 149 ST,2,0,0,2,0,0,0,0,0,0,0,0,0,0,0,0
032,2022032000534,248738761,1,FREDERICK DOUGLASS BLVD&&W 155 ST,W 155 ST,FREDERICK DOUGLASS BLVD,2,0,0,2,0,0,0,0,0,0,0,0,0,0,0,0
032,2022032000493,248136674,1,HARLEM RIVER DRIVE&&ST NICHOLAS PLACE,HARLEM RIVER DRIVE,ST NICHOLAS PLACE,2,1,0,2,1,0,0,0,1,0,0,0,0,0,1,0
032,2022032000502,248136678,2,HARLEM RIVER DRIVE&&ST NICHOLAS PLACE,HARLEM RIVER DRIVE,ST NICHOLAS PLACE,2,0,0,2,0,0,0,0,0,0,0,0,0,0,0,0
032,2022032000498,248136676,1,LENOX AVE&&W 129 ST,LENOX AVE,W 129 ST,1,1,0,1,1,0,0,0,0,0,0,0,1,0,1,0
032,2022032000491,247967335,1,LENOX AVE&&W 132 ST,W 132 ST,LENOX AVE,2,0,0,2,0,0,0,0,0,0,0,0,0,0,0,0
032,2022032000506,248290619,1,LENOX AVE&&W 133 ST,W 133 ST,LENOX AVE,2,1,0,2,1,0,1,0,0,0,0,0,0,0,1,0
032,2022032000479,247677915,1,LENOX AVE&&W 136 ST,W 136 ST,LENOX AVE,2,0,0,2,0,0,0,0,0,0,0,0,0,0,0,1
032,2022032000522,248494914,1,LENOX AVE&&W 144 ST,LENOX AVE,W 144 ST,2,1,0,2,1,0,1,0,0,0,0,0,0,0,1,0
032,2022032000470,247516557,1,LENOX AVE&&W 145 ST,W 145 ST,LENOX AVE,2,0,0,2,0,0,0,0,0,0,0,0,0,0,0,0
032,2022032000504,248161897,2,LENOX AVE&&W 145 ST,LENOX AVE,W 145 ST,2,0,0,2,0,0,0,0,0,0,0,0,0,0,0,0
032,2022032000499,248864595,3,LENOX AVE&&W 145 ST,W 145 ST,LENOX AVE,2,0,0,2,0,0,0,0,0,0,0,0,0,0,0,0
032,2022032000505,248290618,1,MACOMBS PL&&W 155 ST,W 155 ST,MACOMBS PL,2,0,0,2,0,0,0,0,0,0,0,0,0,0,0,0
032,2022032000524,248738757,2,MACOMBS PL&&W 155 ST,W 155 ST,MACOMBS PL,5,4,0,5,4,0,2,0,2,0,0,0,0,0,1,0
032,2022032000472,247612097,1,ST NICHOLAS AVE&&W 134 ST,ST NICHOLAS AVE,W 134 ST,3,0,0,3,0,0,0,0,0,0,0,0,0,0,0,0
032,2022032000543,248849024,1,ST NICHOLAS AVE&&W 141 ST,ST NICHOLAS AVE,W 141 ST,2,1,0,2,1,0,0,0,0,0,1,0,0,0,1,1
033,2022033000450,247810660,1,AMSTERDAM AVE&&W 155 ST,W 155 ST,AMSTERDAM AVE,2,1,0,2,1,0,1,0,0,0,0,0,0,0,1,0
033,2022033000517,248788467,1,AMSTERDAM AVE&&W 158 ST,AMSTERDAM AVE,W 158 ST,2,1,0,2,1,0,1,0,0,0,0,0,0,0,1,1
033,2022033000454,248131901,1,AMSTERDAM AVE&&W 162 ST,W 162 ST,AMSTERDAM AVE,1,1,0,1,1,0,0,0,0,0,0,0,1,0,1,0
033,2022033000469,247852929,1,AMSTERDAM AVE&&W 165 ST,W 165 ST,AMSTERDAM AVE,2,1,0,2,1,0,0,0,1,0,0,0,0,0,1,0
033,2022033000493,248207842,2,AMSTERDAM AVE&&W 165 ST,AMSTERDAM AVE,W 165 ST,1,1,0,1,1,0,0,0,0,0,0,0,1,0,1,0
033,2022033000512,248788465,1,AMSTERDAM AVE&&W 172 ST,W 172 ST,AMSTERDAM AVE,2,0,0,2,0,0,0,0,0,0,0,0,0,0,0,0
033,2022033000481,248007905,1,AMSTERDAM AVE&&W 173 ST,W 173 ST,AMSTERDAM AVE,2,1,0,2,1,0,0,0,0,0,1,0,0,0,1,1
033,2022033000456,247689087,1,AMSTERDAM AVE&&W 179 ST,AMSTERDAM AVE,W 179 ST,2,0,0,2,0,0,0,0,0,0,0,0,0,0,0,0
033,2022033000467,247810662,1,AUDUBON AVE&&W 169 ST,AUDUBON AVE,W 169 ST,2,0,0,2,0,0,0,0,0,0,0,0,0,0,0,0
033,2022033000457,247497479,1,AUDUBON AVE&&W 174 ST,AUDUBON AVE,W 174 ST,2,1,0,2,1,0,0,0,1,0,0,0,0,0,1,0
033,2022033000478,247953187,1,AUDUBON AVE&&W 177 ST,AUDUBON AVE,W 177 ST,4,3,0,4,3,0,2,0,1,0,0,0,0,0,1,0
033,2022033000474,247953183,1,AUDUBON AVE&&W 178 ST,W 178 ST,AUDUBON AVE,3,2,0,3,2,0,1,0,1,0,0,0,0,0,1,0
033,2022033000461,247808440,1,BROADWAY&&W 157 ST,BROADWAY,W 157 ST,1,0,0,1,0,0,0,0,0,0,0,0,0,0,0,0
033,2022033000452,247497477,1,BROADWAY&&W 161 ST,BROADWAY,W 161 ST,2,3,0,2,3,0,2,0,1,0,0,0,0,0,1,0
033,2022033000464,247808442,1,BROADWAY&&W 166 ST,BROADWAY,W 166 ST,2,1,0,2,1,0,0,0,0,0,1,0,0,0,1,1
033,2022033000451,247497476,1,BROADWAY&&W 172 ST,W 172 ST,BROADWAY,2,0,0,2,0,0,0,0,0,0,0,0,0,0,0,0
033,2022033000520,248905936,1,BROADWAY&&W 173 ST,W 173 ST,BROADWAY,2,1,0,2,1,0,1,0,0,0,0,0,0,0,1,0
033,2022033000483,248007907,1,BROADWAY&&W 178 ST,W 178 ST,BROADWAY,2,0,0,2,0,0,0,0,0,0,0,0,0,0,0,0
033,2022033000463,247808441,1,EDGECOMBE AVE&&JUMEL PL,EDGECOMBE AVE,JUMEL PL,2,0,0,2,0,0,0,0,0,0,0,0,0,0,0,0
033,2022033000502,248435777,1,EDGECOMBE AVE&&W 155 ST,W 155 ST,EDGECOMBE AVE,2,0,0,2,0,0,0,0,0,0,0,0,0,0,0,0
033,2022033000489,248553496,1,EDGECOMBE AVE&&W 162 ST,EDGECOMBE AVE,W 162 ST,2,2,0,2,2,0,2,0,0,0,0,0,0,0,1,0
033,2022033000465,247810661,1,EDGECOMBE AVE&&W 165 ST,W 165 ST,EDGECOMBE AVE,2,0,0,2,0,0,0,0,0,0,0,0,0,0,0,0
033,2022033000466,247808443,1,FORT WASHINGTON AVE&&W 172 ST,W 172 ST,FORT WASHINGTON AVE,3,0,0,3,0,0,0,0,0,0,0,0,0,0,0,0
033,2022033000521,248905937,1,FORT WASHINGTON AVE&&W 173 ST,FORT WASHINGTON AVE,W 173 ST,2,0,0,2,0,0,0,0,0,0,0,0,0,0,0,0
033,2022033000482,248007906,1,FORT WASHINGTON AVE&&W 178 ST,W 178 ST,FORT WASHINGTON AVE,2,0,0,2,0,0,0,0,0,0,0,0,0,0,0,0
033,2022033000509,248616687,1,HAVEN AVENUE&&WEST 178 STREET,HAVEN AVENUE,WEST 178 STREET,2,0,0,2,0,0,0,0,0,0,0,0,0,0,0,0
033,2022033000514,249261164,1,RIVERSIDE DR&&W 161 ST,W 161 ST,RIVERSIDE DR,2,0,0,2,0,0,0,0,0,0,0,0,0,0,0,0
033,2022033000475,247953184,1,RIVERSIDE DR&&W 163 ST,RIVERSIDE DR,W 163 ST,2,3,0,2,3,0,1,0,2,0,0,0,0,0,1,0
033,2022033000468,247808444,1,RIVERSIDE DR&&W 165 ST,RIVERSIDE DR,W 165 ST,4,0,0,4,0,0,0,0,0,0,0,0,0,0,0,0
033,2022033000499,248435774,1,RIVERSIDE DRIVE&&WEST 168 STREET,WEST 168 STREET,RIVERSIDE DRIVE,2,0,0,2,0,0,0,0,0,0,0,0,0,0,0,0
033,2022033000479,248131902,1,ST NICHOLAS AVE&&W 155 ST,W 155 ST,ST NICHOLAS AVE,1,1,0,1,1,0,0,0,0,0,0,0,1,0,1,0
033,2022033000488,248131906,2,ST NICHOLAS AVE&&W 155 ST,W 155 ST,ST NICHOLAS AVE,2,1,0,2,1,0,0,0,1,0,0,0,0,0,1,0
033,2022033000476,247953185,1,ST NICHOLAS AVE&&W 163 ST,ST NICHOLAS AVE,W 163 ST,2,1,0,2,1,0,0,0,0,0,1,0,0,0,1,1
033,2022033000473,247852933,1,ST NICHOLAS AVE&&W 165 ST,W 165 ST,ST NICHOLAS AVE,2,1,0,2,1,0,0,0,0,0,1,0,0,0,1,1
033,2022033000519,248905935,1,W 178 ST&&WADSWORTH AVE,WADSWORTH AVE,W 178 ST,2,1,0,2,1,0,0,0,0,0,1,0,0,0,1,1
034,2022034000552,249183502,1,10 AVE&&DYCKMAN ST,10 AVE,DYCKMAN ST,2,2,0,2,2,0,1,0,1,0,0,0,0,0,1,0
034,2022034000578,248905943,1,10 AVE&&W 204 ST,W 204 ST,10 AVE,2,0,0,2,0,0,0,0,0,0,0,0,0,0,0,0
034,2022034000538,248221758,1,10 AVE&&W 205 ST,10 AVE,W 205 ST,2,0,0,2,0,0,0,0,0,0,0,0,0,0,0,0
034,2022034000528,248177978,1,10 AVE&&W 206 ST,W 206 ST,10 AVE,4,0,0,4,0,0,0,0,0,0,0,0,0,0,0,0
034,2022034000501,247564629,1,9 AVE&&W 203 ST,W 203 ST,9 AVE,1,1,0,1,1,0,0,0,0,0,0,0,1,0,1,0
034,2022034000519,248012976,1,9 AVE&&W 204 ST,W 204 ST,9 AVE,2,0,0,2,0,0,0,0,0,0,0,0,0,0,0,0
034,2022034000541,248224748,1,9 AVE&&W 205 ST,9 AVE,W 205 ST,5,5,0,5,5,0,1,0,4,0,0,0,0,0,1,0
034,2022034000547,248386222,1,9 AVE&&W 207 ST,9 AVE,W 207 ST,1,1,0,1,1,0,0,0,0,0,0,0,1,0,1,0
034,2022034000569,248755252,2,9 AVE&&W 207 ST,9 AVE,W 207 ST,4,0,0,4,0,0,0,0,0,0,0,0,0,0,0,0
034,2022034000543,248313516,1,ACADEMY ST&&VERMILYEA AVE,VERMILYEA AVE,ACADEMY ST,2,0,0,2,0,0,0,0,0,0,0,0,0,0,0,0
034,2022034000562,248634556,1,AMSTERDAM AVE&&FORT GEORGE AVE,AMSTERDAM AVE,FORT GEORGE AVE,2,0,0,2,0,0,0,0,0,0,0,0,0,0,0,0
034,2022034000551,248826079,1,AMSTERDAM AVE&&W 179 ST,W 179 ST,AMSTERDAM AVE,2,0,0,2,0,0,0,0,0,0,0,0,0,0,0,0
034,2022034000506,247892660,1,AMSTERDAM AVE&&W 181 ST,AMSTERDAM AVE,W 181 ST,2,0,0,2,0,0,0,0,0,0,0,0,0,0,0,0
034,2022034000516,248152641,2,AMSTERDAM AVE&&W 181 ST,W 181 ST,AMSTERDAM AVE,2,0,0,2,0,0,0,0,0,0,0,0,0,0,0,0
034,2022034000503,248177977,3,AMSTERDAM AVE&&W 181 ST,W 181 ST,AMSTERDAM AVE,2,0,0,2,0,0,0,0,0,0,0,0,0,0,0,0
034,2022034000557,248790153,4,AMSTERDAM AVE&&W 181 ST,W 181 ST,AMSTERDAM AVE,1,1,0,1,1,0,0,0,1,0,0,0,0,0,1,0
034,2022034000520,247895403,1,AMSTERDAM AVE&&W 186 ST,AMSTERDAM AVE,W 186 ST,1,0,0,1,0,0,0,0,0,0,0,0,0,0,0,0
034,2022034000531,247895407,2,AMSTERDAM AVE&&W 186 ST,AMSTERDAM AVE,W 186 ST,1,0,0,1,0,0,0,0,0,0,0,0,0,0,0,0
034,2022034000544,248398884,1,AMSTERDAM AVE&&W 188 ST,W 188 ST,AMSTERDAM AVE,2,0,0,2,0,0,0,0,0,0,0,0,0,0,0,0
034,2022034000494,248484327,1,AMSTERDAM AVE&&W 189 ST,W 189 ST,AMSTERDAM AVE,2,0,0,2,0,0,0,0,0,0,0,0,0,0,0,0
034,2022034000504,247704665,1,AMSTERDAM AVE&&W 190 ST,AMSTERDAM AVE,W 190 ST,1,1,0,1,1,0,0,0,0,0,0,0,1,0,1,0
034,2022034000505,247892659,1,ARDEN ST&&BROADWAY,BROADWAY,ARDEN ST,2,1,0,2,1,0,0,0,0,0,1,0,0,0,1,1
034,2022034000515,247892662,1,ARDEN ST&&NAGLE AVE,ARDEN ST,NAGLE AVE,1,0,0,1,0,0,0,0,0,0,0,0,0,0,0,0
034,2022034000533,248177979,1,BROADWAY&&DONGAN PL,BROADWAY,DONGAN PL,2,0,0,2,0,0,0,0,0,0,0,0,0,0,0,0
034,2022034000559,248634555,2,BROADWAY&&DONGAN PL,BROADWAY,DONGAN PL,2,0,0,2,0,0,0,0,0,0,0,0,0,0,0,0
034,2022034000521,247915929,1,BROADWAY&&DYCKMAN ST,BROADWAY,DYCKMAN ST,4,0,0,4,0,0,0,0,0,0,0,0,0,0,0,0
034,2022034000574,248831641,2,BROADWAY&&DYCKMAN ST,BROADWAY,DYCKMAN ST,2,0,0,2,0,0,0,0,0,0,0,0,0,0,0,0
034,2022034000545,248398885,1,BROADWAY&&RIVERSIDE DR,RIVERSIDE DR,BROADWAY,2,0,0,2,0,0,0,0,0,0,0,0,0,0,0,0
034,2022034000567,248937586,1,BROADWAY&&W 179 ST,W 179 ST,BROADWAY,2,2,0,2,2,0,1,0,1,0,0,0,0,0,1,0
034,2022034000555,248704509,1,BROADWAY&&W 189 ST,BROADWAY,W 189 ST,2,0,0,2,0,0,0,0,0,0,0,0,0,0,0,0
034,2022034000575,248833891,1,BROADWAY&&W 193 ST,BROADWAY,W 193 ST,2,0,0,2,0,0,0,0,0,0,0,0,0,0,0,0
034,2022034000554,249183503,1,BROADWAY&&W 196 ST,W 196 ST,BROADWAY,3,0,0,3,0,0,0,0,0,0,0,0,0,0,0,0
034,2022034000525,248485521,1,BROADWAY&&W 207 ST,W 207 ST,BROADWAY,1,1,0,1,1,0,0,0,0,0,0,0,1,0,1,0
034,2022034000512,248152638,1,BROADWAY&&W 215 ST,BROADWAY,W 215 ST,1,0,0,1,0,0,0,0,0,0,0,0,0,0,0,0
034,2022034000527,248824124,1,BROADWAY&&W 218 ST,BROADWAY,W 218 ST,2,0,0,2,0,0,0,0,0,0,0,0,0,0,0,0
034,2022034000568,248738766,1,BROADWAY&&W 220 ST,W 220 ST,BROADWAY,2,0,0,2,0,0,0,0,0,0,0,0,0,0,0,1
034,2022034000561,248828038,1,DYCKMAN ST&&NAGLE AVE,DYCKMAN ST,NAGLE AVE,1,1,0,1,1,0,0,0,0,0,0,0,1,0,1,0
034,2022034000523,247895404,1,DYCKMAN ST&&SHERMAN AVE,SHERMAN AVE,DYCKMAN ST,2,1,0,2,1,0,1,0,0,0,0,0,0,0,1,0
034,2022034000499,247562498,1,FORT WASHINGTON AVE&&W 179 ST,W 179 ST,FORT WASHINGTON AVE,2,1,0,2,1,0,0,0,0,0,1,0,0,0,1,1
034,2022034000540,248826077,2,FORT WASHINGTON AVE&&W 179 ST,W 179 ST,FORT WASHINGTON AVE,2,0,0,2,0,0,0,0,0,0,0,0,0,0,0,0
034,2022034000563,248634557,1,FORT WASHINGTON AVE&&W 180 ST,FORT WASHINGTON AVE,W 180 ST,1,1,0,1,1,0,0,0,0,0,0,0,1,0,1,0
034,2022034000570,248830212,1,FORT WASHINGTON AVE&&W 190 ST,W 190 ST,FORT WASHINGTON AVE,3,0,0,3,0,0,0,0,0,0,0,0,0,0,0,0
034,2022034000573,248905942,1,HENRY HUDSON BRG&&HENRY HUDSON PKWY,HENRY HUDSON PKWY,HENRY HUDSON BRG,2,0,0,2,0,0,0,0,0,0,0,0,0,0,0,0
034,2022034000507,248313515,1,ISHAM ST&&SHERMAN AVE,ISHAM ST,SHERMAN AVE,1,0,0,1,0,0,0,0,0,0,0,0,0,0,0,0
034,2022034000514,248152640,1,ISHAM ST&&VERMILYEA AVE,VERMILYEA AVE,ISHAM ST,1,1,0,1,1,0,0,0,0,0,0,0,1,0,1,0
034,2022034000492,248151962,1,MANHATTAN SIDE&&WASHINGTON BRDG 181 ST,WASHINGTON BRDG 181 ST,MANHATTAN SIDE,2,1,0,2,1,0,1,0,0,0,0,0,0,0,1,0
034,2022034000491,248075753,1,RIVERSIDE DR&&SEAMAN AVE,RIVERSIDE DR,SEAMAN AVE,2,1,0,2,1,0,1,0,0,0,0,0,0,0,1,0
034,2022034000530,247895406,1,RIVERSIDE DR&&STAFF ST,RIVERSIDE DR,STAFF ST,2,0,0,2,0,0,0,0,0,0,0,0,0,0,0,0
034,2022034000500,247562499,1,SHERMAN AVE&&W 207 ST,W 207 ST,SHERMAN AVE,2,1,0,2,1,0,0,0,1,0,0,0,0,0,1,0
034,2022034000571,248830213,1,ST NICHOLAS AVE&&W 180 ST,ST NICHOLAS AVE,W 180 ST,2,0,0,2,0,0,0,0,0,0,0,0,0,0,0,0
034,2022034000537,248177980,1,ST NICHOLAS AVE&&W 183 ST,W 183 ST,ST NICHOLAS AVE,2,1,0,2,1,0,0,0,0,0,1,0,0,0,1,1
034,2022034000495,247559668,1,ST NICHOLAS AVE&&W 186 ST,W 186 ST,ST NICHOLAS AVE,2,1,0,2,1,0,0,0,1,0,0,0,0,0,1,0
034,2022034000556,248740603,1,VERMILYEA AVE&&W 207 ST,W 207 ST,VERMILYEA AVE,2,0,0,2,0,0,0,0,0,0,0,0,0,0,0,0
034,2022034000529,249182255,1,VERMILYEA AVE&&W 211 ST,W 211 ST,VERMILYEA AVE,2,0,0,2,0,0,0,0,0,0,0,0,0,0,0,0
034,2022034000558,248755251,1,W 179 ST&&WADSWORTH AVE,W 179 ST,WADSWORTH AVE,2,1,0,2,1,0,0,0,0,0,1,0,0,0,1,1
034,2022034000546,249326116,1,W 180 ST&&WADSWORTH AVE,WADSWORTH AVE,W 180 ST,2,0,0,2,0,0,0,0,0,0,0,0,0,0,0,0
034,2022034000586,249076987,1,W 181 ST&&WADSWORTH AVE,W 181 ST,WADSWORTH AVE,1,1,0,1,1,0,0,0,0,0,0,0,1,0,1,0
034,2022034000565,248828040,1,W 189 ST&&WADSWORTH AVE,W 189 ST,WADSWORTH AVE,2,0,0,2,0,0,0,0,0,0,0,0,0,0,0,0
034,2022034000560,248704510,1,W 192 ST&&WADSWORTH AVE,WADSWORTH AVE,W 192 ST,2,0,0,2,0,0,0,0,0,0,0,0,0,0,0,0
